"rxnID"	"metNames"	"Class"
"rxnAGORA0284"	"cardiolipin (tetraoctadecanoyl, n-C18:0)"	"Fatty acid"
"rxnAGORA0285"	"cardiolipin (14-methyl-hexadecanoyl, anteiso-C17)"	"Fatty acid"
"rxnAGORA0286"	"cardiolipin (15-methyl-hexadecanoyl, iso-C17)"	"Fatty acid"
"rxnAGORA0287"	"4,5-dihydroxy-2,3-pentanedione"	"Others"
"rxnAGORA0288"	"teichuronic acid (GlcA + GalNac, 45 repeating unit)"	"Amino sugar"
"rxnAGORA0317"	"4-Aminobutanoate"	"Others"
"rxnAGORA0318"	"7-Aminoclonazepam"	"Drug"
"rxnAGORA0319"	"Acetate"	"Short chain fatty acid"
"rxnAGORA0320"	"Acetaldehyde"	"Aldehyde"
"rxnAGORA0321"	"Adenosylcobalamin"	"Vitamin"
"rxnAGORA0322"	"L-alanine"	"Aminoacid"
"rxnAGORA0323"	"L-alanyl-L-aspartate"	"Aminoacid"
"rxnAGORA0324"	"L-alanyl-L-glutamine"	"Aminoacid"
"rxnAGORA0325"	"L-alanyl-L-glutamate"	"Aminoacid"
"rxnAGORA0326"	"L-alanylglycine"	"Aminoacid"
"rxnAGORA0327"	"L-alanyl-L-histidine"	"Aminoacid"
"rxnAGORA0328"	"L-alanyl-L-leucine"	"Aminoacid"
"rxnAGORA0329"	"L-alanyl-L-threonine"	"Aminoacid"
"rxnAGORA0330"	"7-Amino Nitrozepam"	"Drug"
"rxnAGORA0331"	"L-arabinose"	"Sugar"
"rxnAGORA0332"	"L-arginine"	"Aminoacid"
"rxnAGORA0333"	"Arsenobetaine"	"Others"
"rxnAGORA0334"	"arsenite"	"Mineral"
"rxnAGORA0335"	"arsenate"	"Mineral"
"rxnAGORA0336"	"Produced biomass"	"Others"
"rxnAGORA0337"	"Biotin"	"Vitamin"
"rxnAGORA0338"	"calcium(2+)"	"Mineral"
"rxnAGORA0339"	"Cob(I)alamin"	"Vitamin"
"rxnAGORA0340"	"Cob(II)alamin"	"Vitamin"
"rxnAGORA0341"	"Cadmium"	"Mineral"
"rxnAGORA0342"	"L-cysteinylglycine"	"Aminoacid"
"rxnAGORA0343"	"Chloramphenicol"	"Drug"
"rxnAGORA0344"	"Citrate"	"Organic acid"
"rxnAGORA0345"	"Chloride"	"Mineral"
"rxnAGORA0346"	"Carbon dioxide"	"Others"
"rxnAGORA0347"	"Co2+"	"Mineral"
"rxnAGORA0348"	"Cu2+"	"Mineral"
"rxnAGORA0349"	"Clonazepam"	"Drug"
"rxnAGORA0350"	"Dextrin"	"Sugar"
"rxnAGORA0351"	"Gemcitabine"	"Drug"
"rxnAGORA0352"	"2,2-Difluorodeoxyuridine"	"Drug"
"rxnAGORA0353"	"2-deoxy-D-ribose"	"Sugar"
"rxnAGORA0354"	"Ethanol"	"Alcohol"
"rxnAGORA0355"	"Fe2+"	"Mineral"
"rxnAGORA0356"	"Fe3+"	"Mineral"
"rxnAGORA0357"	"Folate"	"Vitamin"
"rxnAGORA0358"	"Formate"	"Organic acid"
"rxnAGORA0359"	"D-Galactose"	"Sugar"
"rxnAGORA0360"	"D-glucose"	"Sugar"
"rxnAGORA0361"	"L-glutamine"	"Aminoacid"
"rxnAGORA0362"	"L-glutamate"	"Aminoacid"
"rxnAGORA0363"	"Glycine"	"Drug"
"rxnAGORA0364"	"Glycyl-L-asparagine"	"Aminoacid"
"rxnAGORA0365"	"Glycyl-L-aspartate"	"Aminoacid"
"rxnAGORA0366"	"glycine betaine"	"Aminoacid"
"rxnAGORA0367"	"Glycerol 3-phosphate"	"Alcohol"
"rxnAGORA0368"	"Gly-Cys"	"Aminoacid"
"rxnAGORA0369"	"Glycyl-L-glutamine"	"Aminoacid"
"rxnAGORA0370"	"Glycyl-L-glutamate"	"Aminoacid"
"rxnAGORA0371"	"Glycylleucine"	"Aminoacid"
"rxnAGORA0372"	"Glycyl-L-methionine"	"Aminoacid"
"rxnAGORA0373"	"Glycylphenylalanine"	"Aminoacid"
"rxnAGORA0374"	"Glycylproline"	"Aminoacid"
"rxnAGORA0375"	"Glycyl-L-tyrosine"	"Aminoacid"
"rxnAGORA0376"	"proton"	"Others"
"rxnAGORA0377"	"Water"	"Others"
"rxnAGORA0378"	"Hg2+"	"Mineral"
"rxnAGORA0379"	"Hypoxanthine"	"Purine"
"rxnAGORA0380"	"L-isoleucine"	"Aminoacid"
"rxnAGORA0381"	"potassium"	"Mineral"
"rxnAGORA0382"	"D-lactate"	"Organic acid"
"rxnAGORA0383"	"L-lactate"	"Organic acid"
"rxnAGORA0384"	"Lactulose"	"Drug"
"rxnAGORA0385"	"Lactose"	"Sugar"
"rxnAGORA0386"	"L-leucine"	"Aminoacid"
"rxnAGORA0387"	"Maltose"	"Sugar"
"rxnAGORA0388"	"Maltohexaose"	"Sugar"
"rxnAGORA0389"	"maltotriose"	"Sugar"
"rxnAGORA0390"	"mannotriose (beta-1,4)"	"Sugar"
"rxnAGORA0391"	"D-Methionine"	"Aminoacid"
"rxnAGORA0392"	"L-methionine"	"Aminoacid"
"rxnAGORA0393"	"L-methionyl-L-alanine"	"Aminoacid"
"rxnAGORA0394"	"L-Methionine Sulfoxide"	"Aminoacid"
"rxnAGORA0395"	"magnesium"	"Mineral"
"rxnAGORA0396"	"Mn2+"	"Mineral"
"rxnAGORA0397"	"Menaquinone 8"	"Vitamin"
"rxnAGORA0398"	"Sodium"	"Mineral"
"rxnAGORA0399"	"Nicotinate"	"Vitamin"
"rxnAGORA0400"	"Nitrosochloramphenicol"	"Drug"
"rxnAGORA0401"	"Ammonium"	"Others"
"rxnAGORA0402"	"Nitrazepam, Benzalin, Neozepam"	"Drug"
"rxnAGORA0403"	"O2"	"Others"
"rxnAGORA0404"	"octadecanoate (n-C18:0)"	"Fatty acid"
"rxnAGORA0405"	"Ornithine"	"Aminoacid"
"rxnAGORA0406"	"Lead"	"Mineral"
"rxnAGORA0407"	"L-phenylalanine"	"Aminoacid"
"rxnAGORA0408"	"Protoheme"	"Protoporphyrin"
"rxnAGORA0409"	"hydrogenphosphate"	"Others"
"rxnAGORA0410"	"(R)-Pantothenate"	"Vitamin"
"rxnAGORA0411"	"L-proline"	"Aminoacid"
"rxnAGORA0412"	"pullulan (n=1200 repeat units, alpha-1,4 and alph-1,6 bounds)"	"Sugar"
"rxnAGORA0413"	"Pyridoxal"	"Vitamin"
"rxnAGORA0414"	"Pyridoxine"	"Vitamin"
"rxnAGORA0415"	"D-ribose"	"Sugar"
"rxnAGORA0416"	"Riboflavin"	"Vitamin"
"rxnAGORA0417"	"Siroheme"	"Protoporphyrin"
"rxnAGORA0418"	"sulfate"	"Others"
"rxnAGORA0419"	"Spermidine"	"Polyamine"
"rxnAGORA0420"	"Stachyose"	"Sugar"
"rxnAGORA0421"	"Succinate"	"Organic acid"
"rxnAGORA0422"	"Sucrose"	"Sugar"
"rxnAGORA0423"	"Taurine"	"Drug"
"rxnAGORA0424"	"Thiamin"	"Vitamin"
"rxnAGORA0425"	"Thymidine"	"Nucleotide"
"rxnAGORA0426"	"Trehalose"	"Sugar"
"rxnAGORA0427"	"L-tryptophan"	"Aminoacid"
"rxnAGORA0428"	"L-valine"	"Aminoacid"
"rxnAGORA0429"	"aldehydo-D-xylose"	"Sugar"
"rxnAGORA0430"	"Zinc"	"Mineral"
"rxnAGORA1027"	"DNA replication"	"Others"
"rxnAGORA1028"	"Protein biosynthesis"	"Others"
"rxnAGORA1040"	"RNA transcription"	"Others"
"rxnAGORA1041"	"Peptidoglycan polymer (n-1 subunits)"	"Others"
"rxnAGORA1145"	"4-Hydroxy-benzyl alcohol"	"Others"
"rxnAGORA1146"	"5-deoxyribose"	"Sugar"
"rxnAGORA1199"	"meso-2,6-Diaminoheptanedioate"	"Others"
"rxnAGORA1200"	"(3,4-dihydroxyphenyl)acetate"	"Benzoic acid"
"rxnAGORA1201"	"3-Hydroxyphenylacetate"	"Benzoic acid"
"rxnAGORA1202"	"4-hydroxybenzoate"	"Benzoic acid"
"rxnAGORA1203"	"N-acetyl-D-glucosamine"	"Amino sugar"
"rxnAGORA1204"	"D-alanine"	"Aminoacid"
"rxnAGORA1205"	"Allantoin"	"Organic acid"
"rxnAGORA1206"	"Arbutin"	"Others"
"rxnAGORA1207"	"benzoate"	"Benzoic acid"
"rxnAGORA1208"	"Benzamide"	"Amide"
"rxnAGORA1209"	"Choline"	"Others"
"rxnAGORA1210"	"cytosine"	"Nucleotide"
"rxnAGORA1211"	"Dextran 40, 1,6-alpha-D-Glucan"	"Sugar"
"rxnAGORA1212"	"D-Fructose"	"Sugar"
"rxnAGORA1213"	"galactitol"	"Polyol"
"rxnAGORA1214"	"D-Glucosamine"	"Amino sugar"
"rxnAGORA1215"	"glycolaldehyde"	"Others"
"rxnAGORA1216"	"Glycerol"	"Others"
"rxnAGORA1217"	"D-Mannose"	"Sugar"
"rxnAGORA1218"	"D-Mannitol"	"Polyol"
"rxnAGORA1219"	"NMN"	"Others"
"rxnAGORA1220"	"oxalate(2-)"	"Organic acid"
"rxnAGORA1221"	"Diphosphate"	"Others"
"rxnAGORA1222"	"R406"	"Drug"
"rxnAGORA1223"	"R788 (Fostamatinib)"	"Drug"
"rxnAGORA1224"	"Salicin"	"Organic acid"
"rxnAGORA1225"	"D-glucitol"	"Polyol"
"rxnAGORA1226"	"D-serine"	"Aminoacid"
"rxnAGORA1227"	"L-serine"	"Aminoacid"
"rxnAGORA1228"	"tetradecanoate (n-C14:0)"	"Fatty acid"
"rxnAGORA1229"	"D-Turanose"	"Sugar"
"rxnAGORA1230"	"L-tyrosine"	"Aminoacid"
"rxnAGORA1231"	"uracil"	"Nucleotide"
"rxnAGORA1546"	"Biotin"	"Vitamin"
"rxnAGORA1556"	"(S)-propane-1,2-diol"	"Others"
"rxnAGORA1557"	"2-Hydroxyphenylacetate"	"Benzoic acid"
"rxnAGORA1558"	"Arabinotriose"	"Sugar"
"rxnAGORA1559"	"L-aspartate"	"Aminoacid"
"rxnAGORA1560"	"laurate"	"Fatty acid"
"rxnAGORA1561"	"L-histidine"	"Aminoacid"
"rxnAGORA1562"	"L-methionine-R-sulfoxide"	"Aminoacid"
"rxnAGORA1563"	"Nitrous oxide"	"Others"
"rxnAGORA1564"	"Nitric oxide"	"Others"
"rxnAGORA1565"	"Nitrite"	"Others"
"rxnAGORA1566"	"Nitrate"	"Others"
"rxnAGORA1567"	"Propanal"	"Aldehyde"
"rxnAGORA1568"	"Putrescine"	"Polyamine"
"rxnAGORA1840"	"2-(Hydroxymethyl)phenol"	"Others"
"rxnAGORA1843"	"1,2-Diacyl-sn-glycerol (dioctadecanoyl, n-C18:0)"	"Fatty acid"
"rxnAGORA1844"	"L-cysteate(1-)"	"Aminoacid"
"rxnAGORA1845"	"L-asparagine"	"Aminoacid"
"rxnAGORA1846"	"butanesulfonate"	"Others"
"rxnAGORA1847"	"cellobiose"	"Sugar"
"rxnAGORA1848"	"chromate"	"Mineral"
"rxnAGORA1849"	"Dephospho-CoA"	"Others"
"rxnAGORA1850"	"ethanesulfonate"	"Others"
"rxnAGORA1851"	"Oxidized glutathione"	"Aminoacid"
"rxnAGORA1852"	"Hydrogen"	"Others"
"rxnAGORA1853"	"hexanesulfonate"	"Others"
"rxnAGORA1854"	"Chicory inulin"	"Sugar"
"rxnAGORA1855"	"Isethionic acid"	"Organic acid"
"rxnAGORA1856"	"3-(n-Morpholino)Propanesulfonic Acid"	"Others"
"rxnAGORA1857"	"Menaquinone 7"	"Vitamin"
"rxnAGORA1858"	"methanesulfonate"	"Others"
"rxnAGORA1859"	"Raffinose"	"Sugar"
"rxnAGORA1860"	"sulfoacetate"	"Others"
"rxnAGORA1913"	"Hydroquinone"	"Others"
"rxnAGORA1915"	"Butyrate"	"Short chain fatty acid"
"rxnAGORA1916"	"Melibiose"	"Sugar"
"rxnAGORA1917"	"Propionate"	"Short chain fatty acid"
"rxnAGORA1918"	"L-threonine"	"Aminoacid"
"rxnAGORA1960"	"5-Aminosalicylic Acid (Mesalamine)"	"Drug"
"rxnAGORA1961"	"4-Aminobenzoyl-Beta-Alanine"	"Drug"
"rxnAGORA1962"	"Balsalazide"	"Drug"
"rxnAGORA1963"	"Cellulose, chain length 500 glc_D assumed, DOI: 10.1002/anie.200460587"	"Sugar"
"rxnAGORA1964"	"Molybdate"	"Mineral"
"rxnAGORA1965"	"Neoprontosil"	"Drug"
"rxnAGORA1966"	"Olsalazine"	"Drug"
"rxnAGORA1967"	"Prontosil"	"Drug"
"rxnAGORA1968"	"Ubiquinone-8"	"Vitamin"
"rxnAGORA1969"	"Sulfanilamide"	"Drug"
"rxnAGORA1970"	"Sulfasalazine"	"Drug"
"rxnAGORA1971"	"Sulfapyridine"	"Drug"
"rxnAGORA1972"	"1,2,4-Triaminobenzene"	"Drug"
"rxnAGORA2014"	"Ferrichrome"	"Others"
"rxnAGORA2015"	"Pyruvate"	"Others"
"rxnAGORA2016"	"starch, structure 1 (1,6-{7[1,4-Glc], 4[1,4-Glc]})"	"Sugar"
"rxnAGORA2017"	"starch, structure 2 (1,6-{2[1,4-Glc], [1,4-Glc]})"	"Sugar"
"rxnAGORA2018"	"Xanthine"	"Purine"
"rxnAGORA2066"	"Adenine"	"Nucleotide"
"rxnAGORA2067"	"Inosine"	"Others"
"rxnAGORA2068"	"L-lysine"	"Aminoacid"
"rxnAGORA2160"	"Acetoacetate"	"Organic acid"
"rxnAGORA2161"	"2-Oxoglutarate"	"Organic acid"
"rxnAGORA2162"	"(R)-3-hydroxybutyrate"	"Organic acid"
"rxnAGORA2163"	"Choline sulfate"	"Others"
"rxnAGORA2164"	"L-Carnitine"	"Aminoacid"
"rxnAGORA2165"	"Fumarate"	"Organic acid"
"rxnAGORA2166"	"D-Galactarate"	"Organic acid"
"rxnAGORA2167"	"D-glucarate(2-)"	"Organic acid"
"rxnAGORA2168"	"Indole"	"Indole"
"rxnAGORA2169"	"myo-inositol"	"Polyol"
"rxnAGORA2170"	"L-malate"	"Organic acid"
"rxnAGORA2171"	"Oxaloacetate"	"Others"
"rxnAGORA2172"	"L-Rhamnose"	"Sugar"
"rxnAGORA2370"	"5-Methylthio-D-ribose"	"Sugar"
"rxnAGORA2371"	"S-Adenosyl-4-methylthio-2-oxobutanoate"	"Others"
"rxnAGORA2372"	"5-Deoxyadenosine"	"Nucleoside"
"rxnAGORA2373"	"[ThiS protein]"	"Others"
"rxnAGORA2379"	"2-Dehydro-3-deoxy-D-gluconate"	"Others"
"rxnAGORA2380"	"2-Demethylmenaquinone 8"	"Vitamin"
"rxnAGORA2381"	"5-Fluorouracil"	"Drug"
"rxnAGORA2382"	"2,3-dihydroxicinnamic acid"	"Hydroxycinnamic acid"
"rxnAGORA2383"	"3-(2,3-Dihydroxyphenyl)propanoate"	"Benzoic acid"
"rxnAGORA2384"	"5-Fluorocytosine"	"Drug"
"rxnAGORA2385"	"D-Galactonate"	"Organic acid"
"rxnAGORA2386"	"D-gluconate"	"Organic acid"
"rxnAGORA2387"	"Hexadecanoate (n-C16:0)"	"Fatty acid"
"rxnAGORA2388"	"Nitrogen"	"Others"
"rxnAGORA2389"	"phenylacetate"	"Benzoic acid"
"rxnAGORA2390"	"Pimelate"	"Others"
"rxnAGORA2391"	"trimethylamine"	"Amine"
"rxnAGORA2392"	"Trimethylamine N-oxide"	"Amine"
"rxnAGORA2393"	"thiosulfate(2-)"	"Others"
"rxnAGORA2508"	"Sulfur"	"Mineral"
"rxnAGORA2509"	"Thiocarboxy-[ThiS protein]"	"Others"
"rxnAGORA2587"	"L-homocysteine"	"Aminoacid"
"rxnAGORA2588"	"KDO(2)-lipid IV(A) with laurate"	"Fatty acid"
"rxnAGORA2597"	"L-dopa"	"Drug"
"rxnAGORA2598"	"3-methyl-2-oxopentanoate"	"Others"
"rxnAGORA2599"	"4-Aminobenzoate"	"Others"
"rxnAGORA2600"	"(4-hydroxyphenyl)acetaldehyde"	"Benzoic acid"
"rxnAGORA2601"	"5-hydroxy-L-tryptophan"	"Aminoacid"
"rxnAGORA2602"	"5-Methylthioadenosine"	"Nucleotide"
"rxnAGORA2603"	"L-kynurenine"	"Aminoacid"
"rxnAGORA2604"	"cis-Aconitate"	"Organic acid"
"rxnAGORA2605"	"D-Arabinose"	"Sugar"
"rxnAGORA2606"	"Dopamine"	"Drug"
"rxnAGORA2607"	"Guanine"	"Nucleotide"
"rxnAGORA2608"	"Hydrogen sulfide"	"Others"
"rxnAGORA2609"	"Isovalerate, 3-Methylbutanoate"	"Short chain fatty acid"
"rxnAGORA2610"	"keto-phenylpyruvate"	"Others"
"rxnAGORA2611"	"Pyridoxamine"	"Vitamin"
"rxnAGORA2612"	"Serotonin"	"Monoamine"
"rxnAGORA2613"	"Tryptamine"	"Polyamine"
"rxnAGORA2822"	"1,5-Diaminopentane"	"Others"
"rxnAGORA2823"	"Malonate"	"Organic acid"
"rxnAGORA2824"	"L-cysteine"	"Aminoacid"
"rxnAGORA2825"	"Ethanolamine"	"Alcohol_Amine"
"rxnAGORA2873"	"Sodium"	"Mineral"
"rxnAGORA2875"	"Adenosine"	"Nucleoside"
"rxnAGORA2876"	"cholesterol"	"Cholesterol"
"rxnAGORA2877"	"Glutarate"	"Others"
"rxnAGORA2878"	"Orotate"	"Pyrimidine"
"rxnAGORA2879"	"Pyridoxal 5-phosphate"	"Vitamin"
"rxnAGORA2930"	"glycolaldehyde"	"Others"
"rxnAGORA2931"	"4-Amino-5-hydroxymethyl-2-methylpyrimidine"	"Vitamin"
"rxnAGORA2932"	"Citrate-Mg"	"Mineral"
"rxnAGORA2933"	"crotonobetaine"	"Others"
"rxnAGORA2934"	"gamma-butyrobetaine"	"Others"
"rxnAGORA2935"	"p-Cresol"	"Phenol"
"rxnAGORA3003"	"Ubiquinol-8"	"Others"
"rxnAGORA3005"	"D-Alanyl-D-alanine"	"Aminoacid"
"rxnAGORA3006"	"S-Adenosyl-L-methionine"	"Aminoacid"
"rxnAGORA3007"	"nickel"	"Mineral"
"rxnAGORA3054"	"Reduced glutathione"	"Aminoacid"
"rxnAGORA3055"	"Urea"	"Others"
"rxnAGORA3064"	"Adenosylcobalamin"	"Vitamin"
"rxnAGORA3069"	"dTMP"	"Others"
"rxnAGORA3076"	"D-Galacturonate"	"Organic acid"
"rxnAGORA3077"	"D-glucuronate"	"Organic acid"
"rxnAGORA3109"	"Tyr-194 of apo-glycogenin protein (primer for glycogen synthesis)"	"Others"
"rxnAGORA3110"	"glycogen, structure 2 (glycogenin-1,6-{7[1,4-Glc], 4[1,4-Glc]})"	"Sugar"
"rxnAGORA3111"	"glycogen, structure 4 (glycogenin-1,6-{2[1,4-Glc], [1,4-Glc]})"	"Sugar"
"rxnAGORA3112"	"glycogen, structure 5 (glycogenin-2[1,4-Glc])"	"Sugar"
"rxnAGORA3141"	"4-hydroxyphenylacetate"	"Benzoic acid"
"rxnAGORA3142"	"Cyanate"	"Others"
"rxnAGORA3143"	"methanol"	"Alcohol"
"rxnAGORA3179"	"Nicotinamide"	"Vitamin"
"rxnAGORA3497"	"chenodeoxycholate"	"Bile salt"
"rxnAGORA3498"	"Cholate"	"Bile salt"
"rxnAGORA3499"	"glycochenodeoxycholate"	"Bile salt"
"rxnAGORA3500"	"glycocholate"	"Bile salt"
"rxnAGORA3501"	"taurocholate"	"Bile salt"
"rxnAGORA3502"	"taurochenodeoxycholate"	"Bile salt"
"rxnAGORA3636"	"N-Acetyl-5-Aminosalicylic Acid"	"Drug"
"rxnAGORA3637"	"N-Acetylisoniazid"	"Drug"
"rxnAGORA3638"	"Isoniazid"	"Drug"
"rxnAGORA3654"	"deoxycholic acid"	"Drug"
"rxnAGORA3655"	"Taurodeoxycholic acid"	"Drug"
"rxnAGORA3665"	"cardiolipin (tetratetradecanoyl, n-C14:0)"	"Fatty acid"
"rxnAGORA3666"	"cardiolipin (tetrahexadecanoyl, n-C16:0)"	"Fatty acid"
"rxnAGORA3667"	"cardiolipin (13-methyl-tetradecanoyl, iso-C15)"	"Fatty acid"
"rxnAGORA3668"	"cardiolipin (14-methyl-pentadecanoyl, iso-C16)"	"Fatty acid"
"rxnAGORA3703"	"N(alpha)-Benzyloxycarbonyl-L-leucine"	"Aminoacid"
"rxnAGORA3704"	"Toluene"	"Aromatic_hydrocarbon"
"rxnAGORA3719"	"7-Dehydrochenodeoxycholate"	"Bile salt"
"rxnAGORA3720"	"3alpha,12alpha-Dihydroxy-7-oxo-5beta-cholanate"	"Bile salt"
"rxnAGORA3733"	"N-acetylneuraminate"	"Amino sugar"
"rxnAGORA3734"	"Dimethyl sulfide"	"Others"
"rxnAGORA3735"	"Dimethyl sulfoxide"	"Others"
"rxnAGORA3736"	"Phenylpropanoate"	"Benzoic acid"
"rxnAGORA3809"	"selenate"	"Others"
"rxnAGORA3810"	"selenite"	"Others"
"rxnAGORA3848"	"Cytidine"	"Nucleoside"
"rxnAGORA3865"	"D-tagatose"	"Sugar"
"rxnAGORA3876"	"Guanosine"	"Nucleoside"
"rxnAGORA3877"	"lanosterol"	"Others"
"rxnAGORA3911"	"Oat spelt xylan"	"Sugar"
"rxnAGORA3945"	"2-deoxyadenosine"	"Nucleoside"
"rxnAGORA3946"	"Uridine"	"Nucleoside"
"rxnAGORA3962"	"S-Adenosyl-L-homocysteine"	"Aminoacid"
"rxnAGORA3963"	"chorismate"	"Others"
"rxnAGORA3964"	"Thymine"	"Nucleotide"
"rxnAGORA3986"	"o-Succinylbenzoate"	"Organic acid"
"rxnAGORA4004"	"L-fucose"	"Sugar"
"rxnAGORA4005"	"Thiamin monophosphate"	"Vitamin"
"rxnAGORA4015"	"(R)-Acetoin"	"Others"
"rxnAGORA4029"	"Diacetyl"	"Others"
"rxnAGORA4392"	"1-hydroxy S-ibuprofen"	"Drug"
"rxnAGORA4393"	"1-hydroxy S-ibuprofen-glucuronide"	"Drug"
"rxnAGORA4394"	"1-OH-midazolam-glucuronide"	"Drug"
"rxnAGORA4395"	"1-OH-midazolam"	"Drug"
"rxnAGORA4396"	"2-hydroxy-atorvastatin-acid / ortho-hydroxy-atorvastatin acid"	"Drug"
"rxnAGORA4397"	"2-hydroxy-atorvastatin-acyl-glucuronide"	"Drug"
"rxnAGORA4398"	"2-hydroxy-atorvastatin-lactone / ortho-hydroxy-atorvastatin lactone"	"Drug"
"rxnAGORA4399"	"2-hydroxy-atorvastatin-lactone-glucuronide"	"Drug"
"rxnAGORA4400"	"2-hydroxy-S-ibuprofen"	"Drug"
"rxnAGORA4401"	"2-hydroxy S-ibuprofen-glucuronide"	"Drug"
"rxnAGORA4402"	"2-Hydroxycarbamazepine"	"Drug"
"rxnAGORA4403"	"2-Hydroxy Carbamazepine Glucuronide"	"Drug"
"rxnAGORA4404"	"2-Hydroxymetronidazole"	"Drug"
"rxnAGORA4405"	"2-Hydroxymetronidazole Glucuronide"	"Drug"
"rxnAGORA4406"	"3-hydroxy S-ibuprofen"	"Drug"
"rxnAGORA4407"	"3-hydroxy S-ibuprofen-glucuronide"	"Drug"
"rxnAGORA4408"	"3-methoxy-acetaminophen"	"Drug"
"rxnAGORA4409"	"3-Hydroxycarbamazepine"	"Drug"
"rxnAGORA4410"	"3-Hydroxy Carbamazepine Glucuronide"	"Drug"
"rxnAGORA4411"	"3-Hydroxydesloratadine"	"Drug"
"rxnAGORA4412"	"3-Hydroxydesloratadine Glucuronide"	"Drug"
"rxnAGORA4413"	"3-Hydroxy N-Desethylamiodarone (3-Hydroxy_MDEA) (M8)"	"Drug"
"rxnAGORA4414"	"3-Hydroxy N-Desethylamiodarone Glucuronide (3-Hydroxy_MDEA_Glc) (M15)"	"Drug"
"rxnAGORA4415"	"3-Hydroxymorphinan"	"Drug"
"rxnAGORA4416"	"3-Hydroxymorphinan O-Glucuronide"	"Drug"
"rxnAGORA4417"	"4-Dehydroxytempol"	"Drug"
"rxnAGORA4418"	"4-Dehydroxytempol 1-O-Glucuronide"	"Drug"
"rxnAGORA4419"	"4-OH-midazolam-glucuronide"	"Drug"
"rxnAGORA4420"	"4-Hydroxydiclofenac"	"Drug"
"rxnAGORA4421"	"4-Hydroxydiclofenac Glucuronide"	"Drug"
"rxnAGORA4422"	"4-Hydroxybenzyl Ketoprofen"	"Drug"
"rxnAGORA4423"	"4-Hydroxybenzyl Ketoprofen Glucuronide"	"Drug"
"rxnAGORA4424"	"4-Hydroxy Levamisole (M1)"	"Drug"
"rxnAGORA4425"	"4-Hydroxy Levamisole Glucuronide"	"Drug"
"rxnAGORA4426"	"4-Hydroxymethamphetamine"	"Drug"
"rxnAGORA4427"	"4-Hydroxymethamphetamine Glucuronide"	"Drug"
"rxnAGORA4428"	"4-Hydroxypropanolol"	"Drug"
"rxnAGORA4429"	"4-Hydroxypropranolol Glucuronide"	"Drug"
"rxnAGORA4430"	"4-Hydroxytriazolam"	"Drug"
"rxnAGORA4431"	"4-Hydroxy Triazolam Glucuronide"	"Drug"
"rxnAGORA4432"	"4-Hydroxyvoriconazole"	"Drug"
"rxnAGORA4433"	"4-Hydroxyvoriconazole Glucuronide"	"Drug"
"rxnAGORA4434"	"4-OH-midazolam"	"Drug"
"rxnAGORA4435"	"5-Hydroxy-Sulfapyridine"	"Drug"
"rxnAGORA4436"	"5-Hydroxy-Sulfapyridine-O-Glucuronide"	"Drug"
"rxnAGORA4437"	"5-hydroxy-fluvastatin"	"Drug"
"rxnAGORA4438"	"5-hydroxy-fluvastatin-glucuronide"	"Drug"
"rxnAGORA4439"	"6-beta-OH-gliclazide"	"Drug"
"rxnAGORA4440"	"6-beta-OH-gliclazide-glucuronide"	"Drug"
"rxnAGORA4441"	"6-hydroxy-fluvastatin"	"Drug"
"rxnAGORA4442"	"6-hydroxy-fluvastatin-glucuronide"	"Drug"
"rxnAGORA4443"	"7-beta-OH-gliclazide"	"Drug"
"rxnAGORA4444"	"7-beta-OH-gliclazide-glucuronide"	"Drug"
"rxnAGORA4445"	"7-hydroxy-Efavirenz"	"Drug"
"rxnAGORA4446"	"7-hydroxy-Efavirenz Glucuronide"	"Drug"
"rxnAGORA4447"	"8,14-Dihydroxyefavirenz"	"Drug"
"rxnAGORA4448"	"8,14-Dihydroxyefavirenz Glucuronide"	"Drug"
"rxnAGORA4449"	"8-hydroxy-Efavirenz"	"Drug"
"rxnAGORA4450"	"8-hydroxy-Efavirenz Glucuronide"	"Drug"
"rxnAGORA4451"	"N-Hydroxylated Phenacetin"	"Drug"
"rxnAGORA4452"	"N-Hydroxylated Phenacetin Glucuronide"	"Drug"
"rxnAGORA4453"	"R-6-Hydroxywarfarin"	"Drug"
"rxnAGORA4454"	"R-6-Hydroxywarfarin Glucuronate"	"Drug"
"rxnAGORA4455"	"R-7-Hydroxywarfarin"	"Drug"
"rxnAGORA4456"	"R-7-Hydroxy Warfarin Glucuronate"	"Drug"
"rxnAGORA4457"	"R-8-Hydroxywarfarin"	"Drug"
"rxnAGORA4458"	"R-8-Hydroxywarfarin Glucuronate"	"Drug"
"rxnAGORA4459"	"S-4-Hydroxywarfarin"	"Drug"
"rxnAGORA4460"	"S-4-Hydroxywarfarin Glucuronate"	"Drug"
"rxnAGORA4461"	"S-6-Hydroxywarfarin"	"Drug"
"rxnAGORA4462"	"S-6-Hydroxywarfarin Glucuronate"	"Drug"
"rxnAGORA4463"	"Acetyl 4-Aminobenzoylglycine"	"Drug"
"rxnAGORA4464"	"Acetyl 4-Aminobenzoylglycine Glucuronide"	"Drug"
"rxnAGORA4465"	"acetaminophen/ paracetamol"	"Drug"
"rxnAGORA4466"	"Acetaminophen Glucuronide"	"Drug"
"rxnAGORA4467"	"Acetaminophen glucuronide"	"Drug"
"rxnAGORA4468"	"4-Hydroxyalprazolam"	"Drug"
"rxnAGORA4469"	"4-Hydroxyalprazolam Glucuronide"	"Drug"
"rxnAGORA4470"	"Alpha-Hydroxyalprazolam"	"Drug"
"rxnAGORA4471"	"Alpha-Hydroxyalprazolam Glucuronide"	"Drug"
"rxnAGORA4472"	"Desmethylalfentanil (AM14)"	"Drug"
"rxnAGORA4473"	"Desmethylalfentanil Glucuronide (AM14 Glucuronide)"	"Drug"
"rxnAGORA4474"	"AM1c (cyclosporine)"	"Drug"
"rxnAGORA4475"	"AM1c-glucuronide (cyclosporine)"	"Drug"
"rxnAGORA4476"	"N-(4-Hydroxyphenyl)Propanamide (AM5)"	"Drug"
"rxnAGORA4477"	"N-(4-Hydroxyphenyl)Propanamide Glucuronide (AM5 Glucuronide)"	"Drug"
"rxnAGORA4478"	"Desmethylnoralfentanil (AM6)"	"Drug"
"rxnAGORA4479"	"Desmethylnoralfentanil Glucuronide (AM6 Glucuronide)"	"Drug"
"rxnAGORA4480"	"Amiodarone"	"Drug"
"rxnAGORA4481"	"Carboxylamiodarone (M12)"	"Drug"
"rxnAGORA4482"	"Carboxylamiodarone Glucuronide (M19)"	"Drug"
"rxnAGORA4483"	"Amiodarone Glucuronide (M16)"	"Drug"
"rxnAGORA4484"	"4-Aminobenzoylglycine"	"Drug"
"rxnAGORA4485"	"4-Aminobenzoylglycine Glucuronide"	"Drug"
"rxnAGORA4486"	"Oxidation Product Of M3 M6"	"Drug"
"rxnAGORA4487"	"Amantadine M6 Glucuronide"	"Drug"
"rxnAGORA4488"	"atorvastatin-acid"	"Drug"
"rxnAGORA4489"	"atorvastatin-acyl-glucuronide / G2"	"Drug"
"rxnAGORA4490"	"atorvastatin-ether-glucuronide -G1"	"Drug"
"rxnAGORA4491"	"atorvastatin-lactone"	"Drug"
"rxnAGORA4492"	"atorvastatin-lactone-ether-glucuronide / G3"	"Drug"
"rxnAGORA4493"	"(Bis-(P-Hydroxyphenyl)-Pyridyl-2-Methane"	"Drug"
"rxnAGORA4494"	"Bis-(P-Hydroxy-Phenyl)-Pyridyl-2-Methane Glucuronide"	"Drug"
"rxnAGORA4495"	"BILR 355"	"Drug"
"rxnAGORA4496"	"BILR M10"	"Drug"
"rxnAGORA4497"	"BILR M12"	"Drug"
"rxnAGORA4498"	"BILR M14"	"Drug"
"rxnAGORA4499"	"BILR M15"	"Drug"
"rxnAGORA4500"	"BILR M16"	"Drug"
"rxnAGORA4501"	"BILR M7"	"Drug"
"rxnAGORA4502"	"Bosentan"	"Drug"
"rxnAGORA4503"	"Bosentan Glucuronide"	"Drug"
"rxnAGORA4504"	"Benzoic Acid Glucuronide"	"Drug"
"rxnAGORA4505"	"S-carboxy ibuprofen"	"Drug"
"rxnAGORA4506"	"S-carboxy ibuprofen glucuronide"	"Drug"
"rxnAGORA4507"	"Carbamazepine"	"Drug"
"rxnAGORA4508"	"Carbamazepine Glucuronide"	"Drug"
"rxnAGORA4509"	"CD6168"	"Drug"
"rxnAGORA4510"	"CD6168 Glucuronide"	"Drug"
"rxnAGORA4511"	"Chloramphenicol 3-Glucuronide"	"Drug"
"rxnAGORA4512"	"Celecoxib"	"Drug"
"rxnAGORA4513"	"Carboxycelecoxib"	"Drug"
"rxnAGORA4514"	"Carboxycelecoxib Glucuronide"	"Drug"
"rxnAGORA4515"	"Celecoxib Glucuronide"	"Drug"
"rxnAGORA4516"	"Clopidogrel Carboxylic Acid"	"Drug"
"rxnAGORA4517"	"Clopidogrel Acyl-Beta-D-Glucuronide"	"Drug"
"rxnAGORA4518"	"cerivastatin-M1"	"Drug"
"rxnAGORA4519"	"cerivastatin-M23"	"Drug"
"rxnAGORA4520"	"cerivastatin-M1-glucuronide"	"Drug"
"rxnAGORA4521"	"cerivastatin-M23-glucuronide"	"Drug"
"rxnAGORA4522"	"Deaminated Amiodarone (M5)"	"Drug"
"rxnAGORA4523"	"Deaminated Amiodarone Glucuronide (M14)"	"Drug"
"rxnAGORA4524"	"Diclofenac"	"Drug"
"rxnAGORA4525"	"Diclofenac Acyl Glucuronide"	"Drug"
"rxnAGORA4526"	"Di-N-Desethylamiodarone (DDEA)"	"Drug"
"rxnAGORA4527"	"Di-N-Desethylamiodarone Glucuronide Conjugate (DDEA_Glc)"	"Drug"
"rxnAGORA4528"	"Desmethylastemizole"	"Drug"
"rxnAGORA4529"	"Desmethylastemozole Glucuronide"	"Drug"
"rxnAGORA4530"	"Digoxin"	"Drug"
"rxnAGORA4531"	"Digoxin 16-Glucuronide"	"Drug"
"rxnAGORA4532"	"Deleobuvir"	"Drug"
"rxnAGORA4533"	"Deleobuvir Glucuronide"	"Drug"
"rxnAGORA4534"	"5-O-Desmethyl Donepezil"	"Drug"
"rxnAGORA4535"	"6-O-Desmethyldonepezil"	"Drug"
"rxnAGORA4536"	"Donepezil Metabolite M11"	"Drug"
"rxnAGORA4537"	"Donepezil Metabolite M12"	"Drug"
"rxnAGORA4538"	"Donepezil Metabolite M13"	"Drug"
"rxnAGORA4539"	"Donepezil Metabolite M14"	"Drug"
"rxnAGORA4540"	"Donepezil Metabolite M9"	"Drug"
"rxnAGORA4541"	"Etravarine Dihydroxylated (M4, M5, M6)"	"Drug"
"rxnAGORA4542"	"Etravarine Dihydroxylated Glucuronide"	"Drug"
"rxnAGORA4543"	"Dihydroxyvoriconazole"	"Drug"
"rxnAGORA4544"	"Dihydroxyvoriconazole Glucuronide"	"Drug"
"rxnAGORA4545"	"Dextrorphan"	"Drug"
"rxnAGORA4546"	"Dextrorphan O-Glucuronide"	"Drug"
"rxnAGORA4547"	"Efavirenz"	"Drug"
"rxnAGORA4548"	"Efavirenz Glucuronide"	"Drug"
"rxnAGORA4549"	"Eltrombopag"	"Drug"
"rxnAGORA4550"	"Eltrombopag Glucuronide (M2)"	"Drug"
"rxnAGORA4551"	"Eltrombopag M3 (Glucuronide Conjugate)"	"Drug"
"rxnAGORA4552"	"Eltrombopag M4 (Glucuronide Conjugate)"	"Drug"
"rxnAGORA4553"	"estradiol"	"Drug"
"rxnAGORA4554"	"17beta-estradiol 3-glucosiduronic acid"	"Drug"
"rxnAGORA4555"	"estriol"	"Drug"
"rxnAGORA4556"	"16-Glucuronide-estriol"	"Drug"
"rxnAGORA4557"	"estrone"	"Drug"
"rxnAGORA4558"	"estrone 3-glucosiduronic acid"	"Drug"
"rxnAGORA4559"	"Ezetimibe"	"Drug"
"rxnAGORA4560"	"Ezetimibe Glucuronide"	"Drug"
"rxnAGORA4561"	"fluvastatin"	"Drug"
"rxnAGORA4562"	"fluvstatin-glucuronide"	"Drug"
"rxnAGORA4563"	"des-isopropyl-dihydro-fluvastatin-tetranor"	"Drug"
"rxnAGORA4564"	"des-isopropyl-dihydro-fluvastatin-tetranor-glucuronide"	"Drug"
"rxnAGORA4565"	"glucuronide-conjugate of 3-methoxy-acetaminophen"	"Drug"
"rxnAGORA4566"	"Galantamine"	"Drug"
"rxnAGORA4567"	"Galantamine Glucuronide"	"Drug"
"rxnAGORA4568"	"Gemfibrozil"	"Drug"
"rxnAGORA4569"	"Gemfibrozil 1-O-Beta-Glucuronide"	"Drug"
"rxnAGORA4570"	"Gemfibrozil M1 (4-Ring Hydroxylated Metabolite)"	"Drug"
"rxnAGORA4571"	"Gemfibrozil M2 (Benzyl Alcohol Metabolite)"	"Drug"
"rxnAGORA4572"	"Gemfibrozil M3 (Benzoic Acid Metabolite)"	"Drug"
"rxnAGORA4573"	"M3 Glucuronide"	"Drug"
"rxnAGORA4574"	"M2 Glucuronide"	"Drug"
"rxnAGORA4575"	"M1 Glucuronide"	"Drug"
"rxnAGORA4576"	"glucuronide-thiomethyl-acetaminophen conjugate"	"Drug"
"rxnAGORA4577"	"Hesperetin"	"Flavonoid"
"rxnAGORA4578"	"Hesperetin 3,7-Diglucuronide"	"Flavonoid"
"rxnAGORA4579"	"Hesperetin 3-O-Glucuronide (Aglycone Of Hesperidin)"	"Flavonoid"
"rxnAGORA4580"	"Hesperetin 3-O-Sulfate"	"Flavonoid"
"rxnAGORA4581"	"Hesperetin 3-O-Glucuronide 7-Sulfate"	"Flavonoid"
"rxnAGORA4582"	"Hesperetin 7-O-Glucuronide (Aglycone Of Hesperidin)"	"Flavonoid"
"rxnAGORA4583"	"Hesperetin 7-O-Sulfate"	"Flavonoid"
"rxnAGORA4584"	"Hesperetin 7-O-Glucuronide 3-Sulfate"	"Flavonoid"
"rxnAGORA4585"	"ibuprofen-S"	"Drug"
"rxnAGORA4586"	"ibuprofen acyl glucuronide"	"Drug"
"rxnAGORA4587"	"Indomethacin"	"Drug"
"rxnAGORA4588"	"Indomethacin Glucuronide"	"Drug"
"rxnAGORA4589"	"Indinavir"	"Drug"
"rxnAGORA4590"	"Indanyl Glucuronide M1"	"Drug"
"rxnAGORA4591"	"Isosorbide 5-Mononitrate"	"Drug"
"rxnAGORA4592"	"Isosorbide 5-Mononitrate 2-Beta-D-Glucuronide"	"Drug"
"rxnAGORA4593"	"Ketoprofen (2-(3-Benzoylphenyl)Propionic Acid)"	"Drug"
"rxnAGORA4594"	"Ketoprofen Glucuronide"	"Drug"
"rxnAGORA4595"	"Losartan-E3174/ losartan-M6"	"Drug"
"rxnAGORA4596"	"Losartan"	"Drug"
"rxnAGORA4597"	"Losartan-N1-glucuronide"	"Drug"
"rxnAGORA4598"	"Losartan-M4 (glucuronide derivative)"	"Drug"
"rxnAGORA4599"	"Losartan-N2-glucuronide / Losartan-M7"	"Drug"
"rxnAGORA4600"	"Midazolam"	"Drug"
"rxnAGORA4601"	"Midazolam Glucuronide"	"Drug"
"rxnAGORA4602"	"Midazolam-Glucuronide"	"Drug"
"rxnAGORA4603"	"Misonidazole"	"Drug"
"rxnAGORA4604"	"Misonidazole Glucuronide"	"Drug"
"rxnAGORA4605"	"Morphine"	"Drug"
"rxnAGORA4606"	"Morphine 3-Glucuronide"	"Drug"
"rxnAGORA4607"	"Morphine 6-Glucuronide"	"Drug"
"rxnAGORA4608"	"Metronidazole"	"Drug"
"rxnAGORA4609"	"Metronidazole Beta-D-Glucuronide"	"Drug"
"rxnAGORA4610"	"Nisoldipine (M5)"	"Drug"
"rxnAGORA4611"	"Nisoldipine (M5) Glucuronide"	"Drug"
"rxnAGORA4612"	"Norverapamil"	"Drug"
"rxnAGORA4613"	"Norverapamil Glucuronide"	"Drug"
"rxnAGORA4614"	"O-Desmethylepigalantamine"	"Drug"
"rxnAGORA4615"	"O-Desmethylepigalantamine Glucuronide"	"Drug"
"rxnAGORA4616"	"O-Desmethylgalantamine"	"Drug"
"rxnAGORA4617"	"O-Desmethylgalantamine Glucuronide"	"Drug"
"rxnAGORA4618"	"Etravarine Monohydroxylated (M1, M2, M3)"	"Drug"
"rxnAGORA4619"	"Etravarine Monohydroxylated Glucuronide (M7)"	"Drug"
"rxnAGORA4620"	"P-Hydroxyphenobarbital"	"Drug"
"rxnAGORA4621"	"Phenobarbital O-Glucuronide"	"Drug"
"rxnAGORA4622"	"p-hydroxyphenylpropionic acid"	"Benzoic acid"
"rxnAGORA4623"	"3-(3-Hydroxyphenyl)Propionate Glucuronide"	"Benzoic acid"
"rxnAGORA4624"	"Phenacetin Glucuronide"	"Drug"
"rxnAGORA4625"	"Probenecid"	"Drug"
"rxnAGORA4626"	"Probenecid Acyl Beta-D-Glucuronide"	"Drug"
"rxnAGORA4627"	"Prontosil Glucuronide"	"Drug"
"rxnAGORA4628"	"Propranolol"	"Drug"
"rxnAGORA4629"	"Propranolol Glucuronide"	"Drug"
"rxnAGORA4630"	"Paroxetine Mi"	"Drug"
"rxnAGORA4631"	"Paroxetine Mii"	"Drug"
"rxnAGORA4632"	"Paroxetine Mii Glucuronide"	"Drug"
"rxnAGORA4633"	"Paroxetine Mi Glucuronide"	"Drug"
"rxnAGORA4634"	"pitavastatin"	"Drug"
"rxnAGORA4635"	"pitavastatin-glucuronide"	"Drug"
"rxnAGORA4636"	"pravastatin"	"Drug"
"rxnAGORA4637"	"pravastatin glucuronide"	"Drug"
"rxnAGORA4638"	"Lactam N-Glucuronide Of R406"	"Drug"
"rxnAGORA4639"	"R529"	"Drug"
"rxnAGORA4640"	"Glucuronide R529"	"Drug"
"rxnAGORA4641"	"Regorafenib"	"Drug"
"rxnAGORA4642"	"regorafenib-N-ß-glucuronide"	"Drug"
"rxnAGORA4643"	"Repaglinide"	"Drug"
"rxnAGORA4644"	"Repaglinide Acyl-Beta-D-Glucuronide"	"Drug"
"rxnAGORA4645"	"SKF 104557  (N-Despropyl Ropinirole)"	"Drug"
"rxnAGORA4646"	"SKF 104557 Carbamyl Glucuronide"	"Drug"
"rxnAGORA4647"	"SKF 96990"	"Drug"
"rxnAGORA4648"	"SKF 96990 Glucuronide"	"Drug"
"rxnAGORA4649"	"Hydroxy Ropinirole"	"Drug"
"rxnAGORA4650"	"SKF 89124 Glucuronide"	"Drug"
"rxnAGORA4651"	"rosuvastatin"	"Drug"
"rxnAGORA4652"	"rosuvastatin-glucuronide"	"Drug"
"rxnAGORA4653"	"Sb-611855 (Intermediate Of M3)"	"Drug"
"rxnAGORA4654"	"Sb_Y (Intermediate Of M4)"	"Drug"
"rxnAGORA4655"	"SCH 488128"	"Drug"
"rxnAGORA4656"	"SCH 57871"	"Drug"
"rxnAGORA4657"	"SCH 57871 Glucuronide"	"Drug"
"rxnAGORA4658"	"Nw 1689 (N-Dealkylated Safinamide)"	"Drug"
"rxnAGORA4659"	"Nw 1689 Acyl Glucuronide"	"Drug"
"rxnAGORA4660"	"Sulfathiazole"	"Drug"
"rxnAGORA4661"	"Sulfathiazole Glucuronide"	"Drug"
"rxnAGORA4662"	"simvastatin-acyl-glucuronide"	"Drug"
"rxnAGORA4663"	"2-Sulfamoylacetylphenol"	"Drug"
"rxnAGORA4664"	"2-Sulfamoylacetylphenol Glucuronide"	"Drug"
"rxnAGORA4665"	"simvastatin dihydroxy acid form"	"Drug"
"rxnAGORA4666"	"SN-38"	"Drug"
"rxnAGORA4667"	"SN38 glucuronide"	"Drug"
"rxnAGORA4668"	"Sulfinpyrazone"	"Drug"
"rxnAGORA4669"	"Sulfinpyrazone Glucuronide"	"Drug"
"rxnAGORA4670"	"Sulfinpyrazone Sulfone"	"Drug"
"rxnAGORA4671"	"Sulfinpyrazone Sulfone Glucuronide"	"Drug"
"rxnAGORA4672"	"Sitagliptin"	"Drug"
"rxnAGORA4673"	"Sitagliptin M3 (Ether Glucuronide Conjugate Of A Hydroxylated Derivative)"	"Drug"
"rxnAGORA4674"	"Sitagliptin M4 (N-Carbomyl Glucuronide Conjugate)"	"Drug"
"rxnAGORA4675"	"N-(2-Methyl-3-Chlorophenyl)-Anthranilic Acid"	"Drug"
"rxnAGORA4676"	"Troglitazone"	"Drug"
"rxnAGORA4677"	"Troglitazone Glucuronide"	"Drug"
"rxnAGORA4678"	"thiomethyl-sulphoxide-conjugate-acetaminophen"	"Drug"
"rxnAGORA4679"	"Tolfenamic Acid"	"Drug"
"rxnAGORA4680"	"Tolfenamic Acid 1A"	"Drug"
"rxnAGORA4681"	"Tolfenamic Acid 1B"	"Drug"
"rxnAGORA4682"	"Tolfenamic Acid 1X"	"Drug"
"rxnAGORA4683"	"Tolfenamic Acid 2"	"Drug"
"rxnAGORA4684"	"Tolfenamic Acid 2A"	"Drug"
"rxnAGORA4685"	"Tolfenamic Acid 3"	"Drug"
"rxnAGORA4686"	"Tolfenamic Acid 4"	"Drug"
"rxnAGORA4687"	"N-(2-Hydroxymethyl-3-Chlorophenyl)-Anthranilic Acid"	"Drug"
"rxnAGORA4688"	"N-(2-Hydroxymethyl-3-Chloro-4-Hydroxyphenyl)-Anthranilic Acid"	"Drug"
"rxnAGORA4689"	"N-(2-Formyl-3-Chlorophenyl) Anthranilic Acid"	"Drug"
"rxnAGORA4690"	"N-(2-Methyl-3- Chloro-4-Hydroxyphenyl)-Anthranilic Acid"	"Drug"
"rxnAGORA4691"	"Tolfenamic Acid M4A"	"Drug"
"rxnAGORA4692"	"N-(2-Methyl-3-Chloro-5-Hydroxyphenyl)-Anthranilic Acid"	"Drug"
"rxnAGORA4693"	"Tolfenamic Acid M5A"	"Drug"
"rxnAGORA4694"	"Tolfenamic Acid M5B"	"Drug"
"rxnAGORA4695"	"N-(2-Carboxy-3-Chlorophenyl)-Anthranilic Acid"	"Drug"
"rxnAGORA4696"	"N-(2-Methyl-3-Chloro-4-Metoxyphenyl)-Anthranilic Acid"	"Drug"
"rxnAGORA4697"	"Telmisartan"	"Drug"
"rxnAGORA4698"	"Telmisartan Glucuronide"	"Drug"
"rxnAGORA4699"	"thiomethyl-conjugate-acetaminophen"	"Drug"
"rxnAGORA4700"	"Tolcapone "	"Drug"
"rxnAGORA4701"	"Tolcapone N-Acetyl Amino Metabolite"	"Drug"
"rxnAGORA4702"	"Tolcapone N-Acetyl Amino Glucuronide"	"Drug"
"rxnAGORA4703"	"Tolcapone Amine Derivative"	"Drug"
"rxnAGORA4704"	"Tolcapone Amine Glucuronide"	"Drug"
"rxnAGORA4705"	"Tolcapone 3-Beta-D-Glucuronide"	"Drug"
"rxnAGORA4706"	"Tempol 1-O-Glucuronide And 4-O-Glucoside"	"Drug"
"rxnAGORA4707"	"Tempol 4-O-Glucoside"	"Drug"
"rxnAGORA4708"	"Tempol 4-O-Glucuronide"	"Drug"
"rxnAGORA4709"	"Tempol Hydroxylamine"	"Drug"
"rxnAGORA4710"	"thiomethyl-sulphoxide-acetaminophen-glucuronide"	"Drug"
"rxnAGORA5078"	"Deoxycytidine"	"Nucleoside"
"rxnAGORA5079"	"Deoxyguanosine"	"Nucleoside"
"rxnAGORA5080"	"Deoxyinosine"	"Nucleoside"
"rxnAGORA5081"	"Deoxyuridine"	"Nucleoside"
"rxnAGORA5113"	"L-Fucose 1-phosphate"	"Sugar"
"rxnAGORA5114"	"D-Glucose 6-phosphate"	"Sugar"
"rxnAGORA5115"	"D-Mannose 6-phosphate"	"Sugar"
"rxnAGORA5210"	"Erythritol"	"Others"
"rxnAGORA5216"	"L-Lyxose"	"Sugar"
"rxnAGORA5223"	"Glycine"	"Aminoacid"
"rxnAGORA5239"	"5-Methyltetrahydrofolate"	"Vitamin"
"rxnAGORA5240"	"protein-linked serine or threonine residue (O-glycosylation site)"	"Aminoacid"
"rxnAGORA5241"	"T antigen (core 1)"	"Antigen"
"rxnAGORA5242"	"Tn antigen"	"Antigen"
"rxnAGORA5243"	"N-acetyl-D-galactosamine"	"Amino sugar"
"rxnAGORA5244"	"Core 2"	"Others"
"rxnAGORA5245"	"Core 3"	"Others"
"rxnAGORA5246"	"Core 4"	"Others"
"rxnAGORA5247"	"Core 5"	"Others"
"rxnAGORA5248"	"Core 6"	"Others"
"rxnAGORA5249"	"Core 7"	"Others"
"rxnAGORA5250"	"Core 8"	"Others"
"rxnAGORA5251"	"disialyl-T antigen"	"Antigen"
"rxnAGORA5252"	"F1alpha"	"Others"
"rxnAGORA5253"	"GlcNAc-alpha-1,4-Core 1"	"Others"
"rxnAGORA5254"	"GlcNAc-alpha-1,4-Core 2"	"Others"
"rxnAGORA5255"	"sialyl-T antigen"	"Antigen"
"rxnAGORA5256"	"sialyl-Tn antigen"	"Antigen"
"rxnAGORA5257"	"5,6,7,8-Tetrahydrofolate"	"Vitamin"
"rxnAGORA5286"	"Reduced glutathione"	"Aminoacid"
"rxnAGORA5287"	"Siroheme"	"Protoporphyrin"
"rxnAGORA5310"	"Brivudine"	"Drug"
"rxnAGORA5311"	"(E)-5-(2-Bromovinyl)Uracil"	"Drug"
"rxnAGORA5312"	"1,4-Dihydroxy-2-naphthoate"	"Naphthoic acid"
"rxnAGORA5313"	"Sorivudine"	"Drug"
"rxnAGORA5342"	"2-Oxobutanoate"	"Organic acid"
"rxnAGORA5356"	"Isobutyrate, 2-Methylpropanoate"	"Short chain fatty acid"
"rxnAGORA5357"	"Isocaproate"	"Fatty acid"
"rxnAGORA5358"	"octadecenoate (n-C18:1)"	"Fatty acid"
"rxnAGORA6178"	"Phenol"	"Benzoic alcohol"
"rxnAGORA6203"	"Methanethiol"	"Others"
"rxnAGORA6261"	"cardiolipin (12-methyl-tetradecanoyl, anteiso-C15)"	"Fatty acid"
"rxnAGORA6262"	"3-Dehydrochenodeoxycholate"	"Bile salt"
"rxnAGORA6263"	"3-Dehydrocholate"	"Bile salt"
"rxnAGORA6278"	"Kestose (2 fru, 1 glc inulin-type fructo-oligosaccharide)"	"Sugar"
"rxnAGORA6279"	"Kestopentaose (4 fru, 1 glc inulin-type fructo-oligosaccharide)"	"Sugar"
"rxnAGORA6280"	"Kestotetraose (3 fru, 1 glc inulin-type fructo-oligosaccharide)"	"Sugar"
"rxnAGORA6281"	"L-Sorbose"	"Sugar"
"rxnAGORA6282"	"Xylooligosaccharide, xylotetraose"	"Sugar"
"rxnAGORA6293"	"5,6-Dimethylbenzimidazole"	"Others"
"rxnAGORA6298"	"12-Dehydrocholate"	"Bile salt"
"rxnAGORA6299"	"5,6-Dihydro-5-fluorouracil"	"Drug"
"rxnAGORA6302"	"L-homoserine"	"Aminoacid"
"rxnAGORA6314"	"N-acetyl-D-mannosamine"	"Amino sugar"
"rxnAGORA6549"	"Isocitrate"	"Organic acid"
"rxnAGORA6569"	"L-Sorbitol (iMM904)"	"Polyol"
"rxnAGORA6647"	"R_R__2_3_Butanediol"	"Others"
"rxnAGORA6687"	"cardiolipin (12-methyl-tridecanoyl, iso-C14)"	"Fatty acid"
"rxnAGORA6761"	"pectins"	"Sugar"
"rxnAGORA6781"	"L-arabinitol"	"Polyol"
"rxnAGORA6783"	"glycolate"	"Others"
"rxnAGORA6801"	"Phosphonate"	"Phosphonate"
"rxnAGORA6821"	"D-Malate"	"Organic acid"
"rxnAGORA6853"	"Protoheme"	"Protoporphyrin"
"rxnAGORA6854"	"Dimer GalNAc-GlcA"	"Amino sugar"
"rxnAGORA6855"	"Dimer GalNAc-IdoA"	"Amino sugar"
"rxnAGORA6856"	"Dimer GalNAc-IdoA2S"	"Amino sugar"
"rxnAGORA6857"	"Larch arabinogalactan"	"Sugar"
"rxnAGORA6858"	"chondroitin sulfate A (GalNAc4S-GlcA) proteoglycan"	"Sugar"
"rxnAGORA6859"	"Dimer GalNAc4S-GlcA"	"Amino sugar"
"rxnAGORA6860"	"Not degradable product CSABCPASE_A/B, Gal4S-Gal-Xyl-L-Ser-protein"	"Others"
"rxnAGORA6861"	"chondroitin sulfate B / dermatan sulfate (IdoA2S-GalNAc4S) proteoglycan"	"Others"
"rxnAGORA6862"	"Dimer GalNAc4S-IdoA2S"	"Others"
"rxnAGORA6863"	"chondroitin sulfate C (GalNAc6S-GlcA) proteoglycan"	"Others"
"rxnAGORA6864"	"Dimer GalNAc6S-GlcA"	"Others"
"rxnAGORA6865"	"Not degradable product CSABCPASE_C, Gal6S-Gal-Xyl-L-Ser-protein"	"Others"
"rxnAGORA6866"	"hyaluronan"	"Others"
"rxnAGORA6867"	"hyaluronan degradation product 1"	"Others"
"rxnAGORA6868"	"hyaluronan biosynthesis, precursor 1"	"Others"
"rxnAGORA6869"	"Homogalacturonan, 100 galacturonate residues. Assumed to be methylated/ acetylated in every 5th residue. Citrus HG consists of 7... <Preview truncated at 128 characters>"	"Others"
"rxnAGORA6870"	"L-iduronate"	"Others"
"rxnAGORA6871"	"Pectic galactan (potato), gal: arab-L: rmn: galur = 78: 9: 4: 9 (www.megazyme.com). Assumed to consist of 100 sugars per macromo... <Preview truncated at 128 characters>"	"Sugar"
"rxnAGORA6872"	"Potato rhamnogalacturonan I, MW assumed ~200000, 62 galur, 20 rmn, 12 gal, 3 arab-L, 1 xyl-D (www.megazyme.com, PMID: 16661590)"	"Sugar"
"rxnAGORA6937"	"Amylopectin, 900 repeat units"	"Sugar"
"rxnAGORA6938"	"amylose (n=300 repeat units, alpha-1,4-glc)"	"Sugar"
"rxnAGORA6939"	"Arabinan"	"Sugar"
"rxnAGORA6940"	"Arabinoxylan"	"Sugar"
"rxnAGORA6941"	"beta-glucans"	"Sugar"
"rxnAGORA6942"	"Carob galactomannan"	"Sugar"
"rxnAGORA6943"	"Glucosamine 2,6-sulfate"	"Amino sugar"
"rxnAGORA6944"	"Konjac glucomannan"	"Sugar"
"rxnAGORA6945"	"heparan sulfate proteoglycan"	"Drug"
"rxnAGORA6946"	"Heparan sulfate degradation product 1"	"Drug"
"rxnAGORA6947"	"Heparan sulfate degradation product 10"	"Drug"
"rxnAGORA6948"	"Heparan sulfate degradation product 11"	"Drug"
"rxnAGORA6949"	"Heparan sulfate degradation product 12"	"Drug"
"rxnAGORA6950"	"Heparan sulfate degradation product 13"	"Drug"
"rxnAGORA6951"	"Heparan sulfate degradation product 14"	"Drug"
"rxnAGORA6952"	"Heparan sulfate degradation product 15"	"Drug"
"rxnAGORA6953"	"Heparan sulfate degradation product 2"	"Drug"
"rxnAGORA6954"	"Heparan sulfate degradation product 3"	"Drug"
"rxnAGORA6955"	"Heparan sulfate degradation product 4"	"Drug"
"rxnAGORA6956"	"Heparan sulfate degradation product 5"	"Drug"
"rxnAGORA6957"	"Heparan sulfate degradation product 6"	"Drug"
"rxnAGORA6958"	"Heparan sulfate degradation product 7"	"Drug"
"rxnAGORA6959"	"Heparan sulfate degradation product 8"	"Drug"
"rxnAGORA6960"	"Heparan sulfate degradation product 9"	"Drug"
"rxnAGORA6961"	"Undegradable product Heparan sulfate"	"Drug"
"rxnAGORA6962"	"Levan, 1000 fructose units"	"Sugar"
"rxnAGORA6963"	"Levanbiose"	"Sugar"
"rxnAGORA6964"	"Levantriose"	"Sugar"
"rxnAGORA6965"	"Levantetraose"	"Sugar"
"rxnAGORA6966"	"Lichenin from Icelandic moss"	"Sugar"
"rxnAGORA6967"	"Laminaribiose"	"Sugar"
"rxnAGORA6968"	"laminarin (n=30 repeat units, beta -1,3 glc)"	"Sugar"
"rxnAGORA6969"	"Xyloglucan"	"Sugar"
"rxnAGORA7042"	"xanthosine"	"Others"
"rxnAGORA7052"	"trans-4-hydroxy-L-proline"	"Aminoacid"
"rxnAGORA7053"	"Isochenodeoxycholate"	"Bile salt"
"rxnAGORA7054"	"Isocholate"	"Bile salt"
"rxnAGORA7072"	"lithocholate"	"Bile salt"
"rxnAGORA7073"	"Dimethylamine"	"Amine"
"rxnAGORA7108"	"2-o-methylfucose (rare sugar in rhamnogalacturonan II)"	"Sugar"
"rxnAGORA7109"	"2-O-methylxylose (rare sugar in rhamnogalacturonan II)"	"Sugar"
"rxnAGORA7110"	"3-deoxy-d-lyxo-heptulosaric acid (rare sugar in rhamnogalacturonan II)"	"Sugar"
"rxnAGORA7111"	"Valeric Acid"	"Short chain fatty acid"
"rxnAGORA7112"	"Aceric acid (3-C-carboxy-5-deoxy-l-xylose) (rare sugar in rhamnogalacturonan II)"	"Sugar"
"rxnAGORA7113"	"Alginic acid, polymer of (LGulA)3 (ManA)3"	"Sugar"
"rxnAGORA7114"	"D-Apiose (rare sugar in rhamnogalacturonan II)"	"Sugar"
"rxnAGORA7115"	"n-butylamine"	"Amine"
"rxnAGORA7116"	"L-Guluronic acid"	"Organic acid"
"rxnAGORA7117"	"3-Deoxy-D-manno-2-octulosonate"	"Sugar"
"rxnAGORA7118"	"Alpha-mannan, yeast, has a MW of about 25000 (PMID: 5461381), equals ~ 140 mannose units. ID according to iMM904"	"Sugar"
"rxnAGORA7119"	"D-Mannuronic acid"	"Organic acid"
"rxnAGORA7120"	"L-Norvaline"	"Aminoacid"
"rxnAGORA7121"	"2-phenylethanamine"	"Amine"
"rxnAGORA7122"	"D-Psicose"	"Sugar"
"rxnAGORA7123"	"Wine rhamnogalacturonan II, MW ~ 5-10 kDa, 37% galur, 16% rmn, 3% fuc-L, 11% arab-L, 6% gal, 5% glcur, 4% 2omfuc, 3% 2omxyl, 6% ... <Preview truncated at 128 characters>"	"Sugar"
"rxnAGORA7124"	"Tyramine"	"Amine"
"rxnAGORA7152"	"Reduced riboflavin"	"Vitamin"
"rxnAGORA7162"	"dTTP"	"Others"
"rxnAGORA7164"	"Galactan (ECMDB21653)"	"Sugar"
"rxnAGORA7189"	"Isochorismate"	"Vitamin"
"rxnAGORA7199"	"Bicarbonate"	"Others"
"rxnAGORA7210"	"adenosine 3,5-bismonophosphate(4-)"	"Nucleoside"
"rxnAGORA7234"	"Menaquinol 7"	"Vitamin"
"rxnAGORA7235"	"Menaquinol 8"	"Vitamin"
"rxnAGORA7236"	"taurolithocholate"	"Bile salt"
"rxnAGORA7237"	"glycolithocholate"	"Bile salt"
"rxnAGORA7238"	"Glycodeoxycholic Acid"	"Bile salt"
"rxnAGORA7239"	"Isomaltose,  Brachiose"	"Sugar"
"rxnAGORA7240"	"methylammonium"	"Others"
"rxnAGORA7241"	"Resistant starch"	"Sugar"
"rxnAGORA7256"	"D-Galactosamine"	"Amino sugar"
"rxnAGORA7285"	"Propane-1,3-diol"	"Others"
"rxnAGORA7289"	"Menaquinone 7"	"Vitamin"
"rxnAGORA7290"	"Menaquinone 8"	"Vitamin"
"rxnAGORA7291"	"Protoheme"	"Protoporphyrin"
"rxnAGORA7292"	"Ubiquinone-8"	"Vitamin"
"rxnAGORA7297"	"Cellotetrose"	"Sugar"
"rxnAGORA7298"	"linoleate"	"Fatty acid"
"rxnAGORA7505"	"Chitin"	"Amino sugar"
"rxnAGORA7511"	"butanol"	"Others"
"rxnAGORA7512"	"1-Propanol"	"Alcohol"
"rxnAGORA7541"	"Nicotinamide adenine dinucleotide phosphate"	"Vitamin"
"rxnAGORA7668"	"O-Succinylbenzoyl-CoA"	"Organic acid"
"rxnAGORA7669"	"Sulfite"	"Others"
"rxnAGORA7693"	"alpha-linolenate"	"Fatty acid"
"rxnAGORA7694"	"gamma-linolenate"	"Fatty acid"
"rxnAGORA7706"	"Thiamin"	"Vitamin"
"rxnAGORA7716"	"Tetrathionate"	"Others"
"rxnAGORA7747"	"D-Glutamate"	"Aminoacid"
"rxnAGORA7756"	"AMP"	"Others"
"rxnAGORA7757"	"Coenzyme A"	"Others"
"rxnAGORA7758"	"GTP"	"Others"
"rxnAGORA7773"	"CMP"	"Others"
"rxnAGORA7774"	"Hydrogen peroxide"	"Others"
"rxnAGORA7803"	"N,N-diacetylchitobiose"	"Sugar"
"rxnAGORA7810"	"dATP"	"Others"
"rxnAGORA7817"	"L-Idonate"	"Others"
"rxnAGORA7851"	"trans-Cinnamate"	"Hydroxycinnamic acid"
"rxnAGORA7880"	"2-methylbutyrate"	"Organic acid"
"rxnAGORA7881"	"5-Aminopentanoate"	"Organic acid"
"rxnAGORA7882"	"Ursodiol"	"Bile salt"
"rxnAGORA7883"	"Allodeoxycholic acid"	"Bile salt"
"rxnAGORA7884"	"Allolithocholic acid"	"Bile salt"
"rxnAGORA7885"	"Indole-3-propionate"	"Indole"
"rxnAGORA7911"	"acetone"	"Others"
"rxnAGORA7921"	"Isopropanol"	"Alcohol"
"rxnAGORA7946"	"indole-3-acetate"	"Indole"
"rxnAGORA7954"	"Indolelactate"	"Indole"
"rxnAGORA7955"	"(R)-3-(4-Hydroxyphenyl)propionate"	"Benzoic acid"
"rxnAGORA7983"	"Skatole, methylindole"	"Indole"
"rxnAGORA7998"	"2-Oxobutanoate"	"Organic acid"
"rxnAGORA8014"	"4-Methylcatechol"	"Catechol"
"rxnAGORA8039"	"choloyl-CoA(4-)"	"Others"
"rxnAGORA8040"	"chenodeoxycholoyl coenzyme a"	"Others"
"rxnAGORA8041"	"Ursodeoxycholoyl-CoA"	"Bile salt"
"rxnAGORA8050"	"L-cystine"	"Aminoacid"
"rxnAGORA8053"	"Histamine"	"Amine"
"rxnAGORA8075"	"xylitol"	"Others"
"rxnAGORA8079"	"spermine(4+)"	"Polyamine"
"rxnAGORA8088"	"(S)-2-Aminobutanoate"	"Aminoacid"
"rxnAGORA8106"	"Ursocholate"	"Bile salt"
"rxnAGORA8112"	"1,4-Dihydroxy-2-naphthoyl-CoA"	"Others"
"rxnAGORA8215"	"m-Tyramine"	"Amine"
"rxnAGORA8223"	"Digitoxin"	"Drug"
"rxnAGORA8224"	"20,22-Dihydrodigitoxin"	"Drug"
"rxnAGORA8225"	"Dihydrodigoxin"	"Drug"
"rxnAGORA8279"	"Shikimate"	"Organic acid"
"rxnAGORA8333"	"glycine betaine"	"Aminoacid"
"rxnAGORA8334"	"formaldehyde"	"Others"
"rxnAGORA8335"	"D-Fructuronate"	"Organic acid"
"rxnAGORA8336"	"D-Tagaturonate"	"Organic acid"
"rxnAGORA8452"	"Choline sulfate"	"Others"
"rxnAGORA8463"	"Polysulfide"	"Others"
"rxnAGORA8464"	"Thiamine diphosphate"	"Vitamin"
"rxnAGORA8470"	"R total 2 position"	"Others"
"rxnAGORA8492"	"N-Methyl-2-oxoglutaramate"	"Organic acid"
"rxnAGORA8493"	"mucolactone"	"Others"
"rxnAGORA8539"	"Coprostanol"	"Others"
"rxnAGORA8551"	"2-Succinyl-6-hydroxy-2,4-cyclohexadiene-1-carboxylate"	"Vitamin"
"rxnAGORA8555"	"5-Deoxyadenosine"	"Nucleoside"
"rxnAGORA8655"	"Cobinamide"	"Vitamin"
"rxnAGORA8678"	"Methane"	"Others"
"rxnAGORA8712"	"D-Allose"	"Sugar"
"rxnAGORA8742"	"dGTP"	"Others"
"rxnAGORA8743"	"triphosphate(5-)"	"Others"
"rxnAGORA8815"	"5-Amino-4-oxopentanoate"	"Aminoacid"
"rxnAGORA8816"	"Enterochelin"	"Siderophore"
"rxnAGORA8817"	"Fe-enterobactin"	"Siderophore"
"rxnAGORA8974"	"UDP-D-glucuronate"	"Others"
"rxnAGORA8996"	"Ornithine"	"Aminoacid"
"rxnAGORA9055"	"choline phosphate(1-)"	"Others"
"rxnAGORA9093"	"1,2-Ethanediol"	"Alcohol"
