rxnID	metNames	Class
rxnAGORA0618	cardiolipin (tetraoctadecanoyl, n-C18:0)	Fatty acid
rxnAGORA0619	cardiolipin (14-methyl-hexadecanoyl, anteiso-C17)	Fatty acid
rxnAGORA0620	cardiolipin (15-methyl-hexadecanoyl, iso-C17)	Fatty acid
rxnAGORA0621	4,5-dihydroxy-2,3-pentanedione	Others
rxnAGORA0853	4-Aminobutanoate	Others
rxnAGORA0854	mucin-type O-glycan No 10	Mucins
rxnAGORA0855	mucin-type O-glycan No 100	Mucins
rxnAGORA0856	released mucin-type O-glycan No 100	Mucins
rxnAGORA0857	mucin-type O-glycan No 101	Mucins
rxnAGORA0858	released mucin-type O-glycan No 101	Mucins
rxnAGORA0859	mucin-type O-glycan No 102	Mucins
rxnAGORA0860	released mucin-type O-glycan No 102	Mucins
rxnAGORA0861	mucin-type O-glycan No 103	Mucins
rxnAGORA0862	released mucin-type O-glycan No 103	Mucins
rxnAGORA0863	mucin-type O-glycan No 104	Mucins
rxnAGORA0864	released mucin-type O-glycan No 104	Mucins
rxnAGORA0865	mucin-type O-glycan No 105	Mucins
rxnAGORA0866	released mucin-type O-glycan No 105	Mucins
rxnAGORA0867	mucin-type O-glycan No 106	Mucins
rxnAGORA0868	released mucin-type O-glycan No 106	Mucins
rxnAGORA0869	mucin-type O-glycan No 107	Mucins
rxnAGORA0870	released mucin-type O-glycan No 107	Mucins
rxnAGORA0871	mucin-type O-glycan No 108	Mucins
rxnAGORA0872	released mucin-type O-glycan No 108	Mucins
rxnAGORA0873	mucin-type O-glycan No 109	Mucins
rxnAGORA0874	released mucin-type O-glycan No 109	Mucins
rxnAGORA0875	released mucin-type O-glycan No 10	Mucins
rxnAGORA0876	mucin-type O-glycan No 110	Mucins
rxnAGORA0877	released mucin-type O-glycan No 110	Mucins
rxnAGORA0878	mucin-type O-glycan No 111	Mucins
rxnAGORA0879	released mucin-type O-glycan No 111	Mucins
rxnAGORA0880	mucin-type O-glycan No 112	Mucins
rxnAGORA0881	released mucin-type O-glycan No 112	Mucins
rxnAGORA0882	mucin-type O-glycan No 113	Mucins
rxnAGORA0883	released mucin-type O-glycan No 113	Mucins
rxnAGORA0884	mucin-type O-glycan No 114	Mucins
rxnAGORA0885	released mucin-type O-glycan No 114	Mucins
rxnAGORA0886	mucin-type O-glycan No 115	Mucins
rxnAGORA0887	released mucin-type O-glycan No 115	Mucins
rxnAGORA0888	mucin-type O-glycan No 116	Mucins
rxnAGORA0889	released mucin-type O-glycan No 116	Mucins
rxnAGORA0890	mucin-type O-glycan No 117	Mucins
rxnAGORA0891	released mucin-type O-glycan No 117	Mucins
rxnAGORA0892	mucin-type O-glycan No 118	Mucins
rxnAGORA0893	released mucin-type O-glycan No 118	Mucins
rxnAGORA0894	mucin-type O-glycan No 119	Mucins
rxnAGORA0895	released mucin-type O-glycan No 119	Mucins
rxnAGORA0896	mucin-type O-glycan No 12	Mucins
rxnAGORA0897	mucin-type O-glycan No 120	Mucins
rxnAGORA0898	released mucin-type O-glycan No 120	Mucins
rxnAGORA0899	mucin-type O-glycan No 121	Mucins
rxnAGORA0900	released mucin-type O-glycan No 121	Mucins
rxnAGORA0901	mucin-type O-glycan No 122	Mucins
rxnAGORA0902	released mucin-type O-glycan No 122	Mucins
rxnAGORA0903	mucin-type O-glycan No 123	Mucins
rxnAGORA0904	released mucin-type O-glycan No 123	Mucins
rxnAGORA0905	mucin-type O-glycan No 124	Mucins
rxnAGORA0906	released mucin-type O-glycan No 124	Mucins
rxnAGORA0907	mucin-type O-glycan No 126	Mucins
rxnAGORA0908	released mucin-type O-glycan No 126	Mucins
rxnAGORA0909	mucin-type O-glycan No 127	Mucins
rxnAGORA0910	released mucin-type O-glycan No 127	Mucins
rxnAGORA0911	mucin-type O-glycan No 128	Mucins
rxnAGORA0912	released mucin-type O-glycan No 128	Mucins
rxnAGORA0913	mucin-type O-glycan No 129	Mucins
rxnAGORA0914	released mucin-type O-glycan No 129	Mucins
rxnAGORA0915	released mucin-type O-glycan No 12	Mucins
rxnAGORA0916	mucin-type O-glycan No 13	Mucins
rxnAGORA0917	mucin-type O-glycan No 130	Mucins
rxnAGORA0918	released mucin-type O-glycan No 130	Mucins
rxnAGORA0919	mucin-type O-glycan No 131	Mucins
rxnAGORA0920	released mucin-type O-glycan No 131	Mucins
rxnAGORA0921	mucin-type O-glycan No 132	Mucins
rxnAGORA0922	released mucin-type O-glycan No 132	Mucins
rxnAGORA0923	mucin-type O-glycan No 133	Mucins
rxnAGORA0924	released mucin-type O-glycan No 133	Mucins
rxnAGORA0925	mucin-type O-glycan No 134	Mucins
rxnAGORA0926	released mucin-type O-glycan No 134	Mucins
rxnAGORA0927	mucin-type O-glycan No 135	Mucins
rxnAGORA0928	released mucin-type O-glycan No 135	Mucins
rxnAGORA0929	mucin-type O-glycan No 136	Mucins
rxnAGORA0930	released mucin-type O-glycan No 136	Mucins
rxnAGORA0931	mucin-type O-glycan No 137	Mucins
rxnAGORA0932	released mucin-type O-glycan No 137	Mucins
rxnAGORA0933	mucin-type O-glycan No 138	Mucins
rxnAGORA0934	released mucin-type O-glycan No 138	Mucins
rxnAGORA0935	mucin-type O-glycan No 139	Mucins
rxnAGORA0936	released mucin-type O-glycan No 139	Mucins
rxnAGORA0937	released mucin-type O-glycan No 13	Mucins
rxnAGORA0938	mucin-type O-glycan No 14	Mucins
rxnAGORA0939	mucin-type O-glycan No 140	Mucins
rxnAGORA0940	released mucin-type O-glycan No 140	Mucins
rxnAGORA0941	mucin-type O-glycan No 141	Mucins
rxnAGORA0942	released mucin-type O-glycan No 141	Mucins
rxnAGORA0943	mucin-type O-glycan No 142	Mucins
rxnAGORA0944	released mucin-type O-glycan No 142	Mucins
rxnAGORA0945	mucin-type O-glycan No 143	Mucins
rxnAGORA0946	released mucin-type O-glycan No 143	Mucins
rxnAGORA0947	mucin-type O-glycan No 144	Mucins
rxnAGORA0948	released mucin-type O-glycan No 144	Mucins
rxnAGORA0949	mucin-type O-glycan No 145	Mucins
rxnAGORA0950	released mucin-type O-glycan No 145	Mucins
rxnAGORA0951	mucin-type O-glycan No 146	Mucins
rxnAGORA0952	released mucin-type O-glycan No 146	Mucins
rxnAGORA0953	mucin-type O-glycan No 147	Mucins
rxnAGORA0954	released mucin-type O-glycan No 147	Mucins
rxnAGORA0955	mucin-type O-glycan No 148	Mucins
rxnAGORA0956	released mucin-type O-glycan No 148	Mucins
rxnAGORA0957	mucin-type O-glycan No 149	Mucins
rxnAGORA0958	released mucin-type O-glycan No 149	Mucins
rxnAGORA0959	released mucin-type O-glycan No 14	Mucins
rxnAGORA0960	mucin-type O-glycan No 15	Mucins
rxnAGORA0961	mucin-type O-glycan No 150	Mucins
rxnAGORA0962	released mucin-type O-glycan No 150	Mucins
rxnAGORA0963	mucin-type O-glycan No 151	Mucins
rxnAGORA0964	released mucin-type O-glycan No 151	Mucins
rxnAGORA0965	mucin-type O-glycan No 152	Mucins
rxnAGORA0966	released mucin-type O-glycan No 152	Mucins
rxnAGORA0967	mucin-type O-glycan No 153	Mucins
rxnAGORA0968	released mucin-type O-glycan No 153	Mucins
rxnAGORA0969	mucin-type O-glycan No 154	Mucins
rxnAGORA0970	released mucin-type O-glycan No 154	Mucins
rxnAGORA0971	mucin-type O-glycan No 155	Mucins
rxnAGORA0972	released mucin-type O-glycan No 155	Mucins
rxnAGORA0973	mucin-type O-glycan No 156	Mucins
rxnAGORA0974	released mucin-type O-glycan No 156	Mucins
rxnAGORA0975	mucin-type O-glycan No 157	Mucins
rxnAGORA0976	released mucin-type O-glycan No 157	Mucins
rxnAGORA0977	mucin-type O-glycan No 158	Mucins
rxnAGORA0978	released mucin-type O-glycan No 158	Mucins
rxnAGORA0979	mucin-type O-glycan No 159	Mucins
rxnAGORA0980	released mucin-type O-glycan No 159	Mucins
rxnAGORA0981	released mucin-type O-glycan No 15	Mucins
rxnAGORA0982	mucin-type O-glycan No 16	Mucins
rxnAGORA0983	mucin-type O-glycan No 160	Mucins
rxnAGORA0984	released mucin-type O-glycan No 160	Mucins
rxnAGORA0985	mucin-type O-glycan No 161	Mucins
rxnAGORA0986	released mucin-type O-glycan No 161	Mucins
rxnAGORA0987	mucin-type O-glycan No 162	Mucins
rxnAGORA0988	released mucin-type O-glycan No 162	Mucins
rxnAGORA0989	mucin-type O-glycan No 163	Mucins
rxnAGORA0990	released mucin-type O-glycan No 163	Mucins
rxnAGORA0991	mucin-type O-glycan No 164	Mucins
rxnAGORA0992	released mucin-type O-glycan No 164	Mucins
rxnAGORA0993	mucin-type O-glycan No 165	Mucins
rxnAGORA0994	released mucin-type O-glycan No 165	Mucins
rxnAGORA0995	mucin-type O-glycan No 166	Mucins
rxnAGORA0996	released mucin-type O-glycan No 166	Mucins
rxnAGORA0997	mucin-type O-glycan No 167	Mucins
rxnAGORA0998	released mucin-type O-glycan No 167	Mucins
rxnAGORA0999	mucin-type O-glycan No 168	Mucins
rxnAGORA1000	released mucin-type O-glycan No 168	Mucins
rxnAGORA1001	mucin-type O-glycan No 169	Mucins
rxnAGORA1002	released mucin-type O-glycan No 169	Mucins
rxnAGORA1003	released mucin-type O-glycan No 16	Mucins
rxnAGORA1004	mucin-type O-glycan No 17	Mucins
rxnAGORA1005	mucin-type O-glycan No 170	Mucins
rxnAGORA1006	released mucin-type O-glycan No 170	Mucins
rxnAGORA1007	mucin-type O-glycan No 171	Mucins
rxnAGORA1008	released mucin-type O-glycan No 171	Mucins
rxnAGORA1009	mucin-type O-glycan No 172	Mucins
rxnAGORA1010	released mucin-type O-glycan No 172	Mucins
rxnAGORA1011	mucin-type O-glycan No 173	Mucins
rxnAGORA1012	released mucin-type O-glycan No 173	Mucins
rxnAGORA1013	mucin-type O-glycan No 174	Mucins
rxnAGORA1014	released mucin-type O-glycan No 174	Mucins
rxnAGORA1015	mucin-type O-glycan No 175	Mucins
rxnAGORA1016	released mucin-type O-glycan No 175	Mucins
rxnAGORA1017	mucin-type O-glycan No 176	Mucins
rxnAGORA1018	released mucin-type O-glycan No 176	Mucins
rxnAGORA1019	mucin-type O-glycan No 177	Mucins
rxnAGORA1020	released mucin-type O-glycan No 177	Mucins
rxnAGORA1021	mucin-type O-glycan No 178	Mucins
rxnAGORA1022	released mucin-type O-glycan No 178	Mucins
rxnAGORA1023	mucin-type O-glycan No 179	Mucins
rxnAGORA1024	released mucin-type O-glycan No 179	Mucins
rxnAGORA1025	released mucin-type O-glycan No 17	Mucins
rxnAGORA1026	mucin-type O-glycan No 18	Mucins
rxnAGORA1027	mucin-type O-glycan No 180	Mucins
rxnAGORA1028	released mucin-type O-glycan No 180	Mucins
rxnAGORA1029	mucin-type O-glycan No 181	Mucins
rxnAGORA1030	released mucin-type O-glycan No 181	Mucins
rxnAGORA1031	mucin-type O-glycan No 182	Mucins
rxnAGORA1032	released mucin-type O-glycan No 182	Mucins
rxnAGORA1033	mucin-type O-glycan No 183	Mucins
rxnAGORA1034	released mucin-type O-glycan No 183	Mucins
rxnAGORA1035	mucin-type O-glycan No 185	Mucins
rxnAGORA1036	released mucin-type O-glycan No 185	Mucins
rxnAGORA1037	mucin-type O-glycan No 186	Mucins
rxnAGORA1038	released mucin-type O-glycan No 186	Mucins
rxnAGORA1039	mucin-type O-glycan No 187	Mucins
rxnAGORA1040	released mucin-type O-glycan No 187	Mucins
rxnAGORA1041	mucin-type O-glycan No 188	Mucins
rxnAGORA1042	released mucin-type O-glycan No 188	Mucins
rxnAGORA1043	mucin-type O-glycan No 189	Mucins
rxnAGORA1044	released mucin-type O-glycan No 189	Mucins
rxnAGORA1045	released mucin-type O-glycan No 18	Mucins
rxnAGORA1046	mucin-type O-glycan No 19	Mucins
rxnAGORA1047	mucin-type O-glycan No 190	Mucins
rxnAGORA1048	released mucin-type O-glycan No 190	Mucins
rxnAGORA1049	mucin-type O-glycan No 191	Mucins
rxnAGORA1050	released mucin-type O-glycan No 191	Mucins
rxnAGORA1051	mucin-type O-glycan No 192	Mucins
rxnAGORA1052	released mucin-type O-glycan No 192	Mucins
rxnAGORA1053	mucin-type O-glycan No 193	Mucins
rxnAGORA1054	released mucin-type O-glycan No 193	Mucins
rxnAGORA1055	mucin-type O-glycan No 194	Mucins
rxnAGORA1056	released mucin-type O-glycan No 194	Mucins
rxnAGORA1057	mucin-type O-glycan No 195	Mucins
rxnAGORA1058	released mucin-type O-glycan No 195	Mucins
rxnAGORA1059	mucin-type O-glycan No 196	Mucins
rxnAGORA1060	released mucin-type O-glycan No 196	Mucins
rxnAGORA1061	released mucin-type O-glycan No 19	Mucins
rxnAGORA1062	mucin-type O-glycan No 2	Mucins
rxnAGORA1063	mucin-type O-glycan No 20	Mucins
rxnAGORA1064	released mucin-type O-glycan No 20	Mucins
rxnAGORA1065	mucin-type O-glycan No 21	Mucins
rxnAGORA1066	released mucin-type O-glycan No 21	Mucins
rxnAGORA1067	mucin-type O-glycan No 22	Mucins
rxnAGORA1068	released mucin-type O-glycan No 22	Mucins
rxnAGORA1069	mucin-type O-glycan No 23	Mucins
rxnAGORA1070	released mucin-type O-glycan No 23	Mucins
rxnAGORA1071	mucin-type O-glycan No 24	Mucins
rxnAGORA1072	released mucin-type O-glycan No 24	Mucins
rxnAGORA1073	mucin-type O-glycan No 25	Mucins
rxnAGORA1074	released mucin-type O-glycan No 25	Mucins
rxnAGORA1075	mucin-type O-glycan No 26	Mucins
rxnAGORA1076	released mucin-type O-glycan No 26	Mucins
rxnAGORA1077	mucin-type O-glycan No 27	Mucins
rxnAGORA1078	released mucin-type O-glycan No 27	Mucins
rxnAGORA1079	mucin-type O-glycan No 28	Mucins
rxnAGORA1080	released mucin-type O-glycan No 28	Mucins
rxnAGORA1081	mucin-type O-glycan No 29	Mucins
rxnAGORA1082	released mucin-type O-glycan No 29	Mucins
rxnAGORA1083	released mucin-type O-glycan No 2	Mucins
rxnAGORA1084	mucin-type O-glycan No 3	Mucins
rxnAGORA1085	mucin-type O-glycan No 30	Mucins
rxnAGORA1086	released mucin-type O-glycan No 30	Mucins
rxnAGORA1087	mucin-type O-glycan No 31	Mucins
rxnAGORA1088	released mucin-type O-glycan No 31	Mucins
rxnAGORA1089	mucin-type O-glycan No 32	Mucins
rxnAGORA1090	released mucin-type O-glycan No 32	Mucins
rxnAGORA1091	mucin-type O-glycan No 33	Mucins
rxnAGORA1092	released mucin-type O-glycan No 33	Mucins
rxnAGORA1093	mucin-type O-glycan No 34	Mucins
rxnAGORA1094	released mucin-type O-glycan No 34	Mucins
rxnAGORA1095	mucin-type O-glycan No 35	Mucins
rxnAGORA1096	released mucin-type O-glycan No 35	Mucins
rxnAGORA1097	mucin-type O-glycan No 36	Mucins
rxnAGORA1098	released mucin-type O-glycan No 36	Mucins
rxnAGORA1099	mucin-type O-glycan No 37	Mucins
rxnAGORA1100	released mucin-type O-glycan No 37	Mucins
rxnAGORA1101	mucin-type O-glycan No 38	Mucins
rxnAGORA1102	released mucin-type O-glycan No 38	Mucins
rxnAGORA1103	mucin-type O-glycan No 39	Mucins
rxnAGORA1104	released mucin-type O-glycan No 39	Mucins
rxnAGORA1105	released mucin-type O-glycan No 3	Mucins
rxnAGORA1106	mucin-type O-glycan No 4	Mucins
rxnAGORA1107	mucin-type O-glycan No 40	Mucins
rxnAGORA1108	released mucin-type O-glycan No 40	Mucins
rxnAGORA1109	mucin-type O-glycan No 41	Mucins
rxnAGORA1110	released mucin-type O-glycan No 41	Mucins
rxnAGORA1111	mucin-type O-glycan No 42	Mucins
rxnAGORA1112	released mucin-type O-glycan No 42	Mucins
rxnAGORA1113	mucin-type O-glycan No 45	Mucins
rxnAGORA1114	released mucin-type O-glycan No 45	Mucins
rxnAGORA1115	mucin-type O-glycan No 46	Mucins
rxnAGORA1116	released mucin-type O-glycan No 46	Mucins
rxnAGORA1117	mucin-type O-glycan No 47	Mucins
rxnAGORA1118	released mucin-type O-glycan No 47	Mucins
rxnAGORA1119	mucin-type O-glycan No 48	Mucins
rxnAGORA1120	released mucin-type O-glycan No 48	Mucins
rxnAGORA1121	released mucin-type O-glycan No 4	Mucins
rxnAGORA1122	mucin-type O-glycan No 5	Mucins
rxnAGORA1123	mucin-type O-glycan No 50	Mucins
rxnAGORA1124	released mucin-type O-glycan No 50	Mucins
rxnAGORA1125	mucin-type O-glycan No 51	Mucins
rxnAGORA1126	released mucin-type O-glycan No 51	Mucins
rxnAGORA1127	mucin-type O-glycan No 53	Mucins
rxnAGORA1128	released mucin-type O-glycan No 53	Mucins
rxnAGORA1129	mucin-type O-glycan No 54	Mucins
rxnAGORA1130	released mucin-type O-glycan No 54	Mucins
rxnAGORA1131	mucin-type O-glycan No 55	Mucins
rxnAGORA1132	released mucin-type O-glycan No 55	Mucins
rxnAGORA1133	mucin-type O-glycan No 56	Mucins
rxnAGORA1134	released mucin-type O-glycan No 56	Mucins
rxnAGORA1135	mucin-type O-glycan No 57	Mucins
rxnAGORA1136	released mucin-type O-glycan No 57	Mucins
rxnAGORA1137	mucin-type O-glycan No 58	Mucins
rxnAGORA1138	released mucin-type O-glycan No 58	Mucins
rxnAGORA1139	mucin-type O-glycan No 59	Mucins
rxnAGORA1140	released mucin-type O-glycan No 59	Mucins
rxnAGORA1141	released mucin-type O-glycan No 5	Mucins
rxnAGORA1142	mucin-type O-glycan No 6	Mucins
rxnAGORA1143	mucin-type O-glycan No 60	Mucins
rxnAGORA1144	released mucin-type O-glycan No 60	Mucins
rxnAGORA1145	mucin-type O-glycan No 61	Mucins
rxnAGORA1146	released mucin-type O-glycan No 61	Mucins
rxnAGORA1147	mucin-type O-glycan No 62	Mucins
rxnAGORA1148	released mucin-type O-glycan No 62	Mucins
rxnAGORA1149	mucin-type O-glycan No 63	Mucins
rxnAGORA1150	released mucin-type O-glycan No 63	Mucins
rxnAGORA1151	mucin-type O-glycan No 64	Mucins
rxnAGORA1152	released mucin-type O-glycan No 64	Mucins
rxnAGORA1153	mucin-type O-glycan No 65	Mucins
rxnAGORA1154	released mucin-type O-glycan No 65	Mucins
rxnAGORA1155	mucin-type O-glycan No 66	Mucins
rxnAGORA1156	released mucin-type O-glycan No 66	Mucins
rxnAGORA1157	mucin-type O-glycan No 67	Mucins
rxnAGORA1158	released mucin-type O-glycan No 67	Mucins
rxnAGORA1159	mucin-type O-glycan No 68	Mucins
rxnAGORA1160	released mucin-type O-glycan No 68	Mucins
rxnAGORA1161	mucin-type O-glycan No 69	Mucins
rxnAGORA1162	released mucin-type O-glycan No 69	Mucins
rxnAGORA1163	released mucin-type O-glycan No 6	Mucins
rxnAGORA1164	mucin-type O-glycan No 7	Mucins
rxnAGORA1165	mucin-type O-glycan No 70	Mucins
rxnAGORA1166	released mucin-type O-glycan No 70	Mucins
rxnAGORA1167	mucin-type O-glycan No 71	Mucins
rxnAGORA1168	released mucin-type O-glycan No 71	Mucins
rxnAGORA1169	mucin-type O-glycan No 72	Mucins
rxnAGORA1170	released mucin-type O-glycan No 72	Mucins
rxnAGORA1171	mucin-type O-glycan No 73	Mucins
rxnAGORA1172	released mucin-type O-glycan No 73	Mucins
rxnAGORA1173	mucin-type O-glycan No 74	Mucins
rxnAGORA1174	released mucin-type O-glycan No 74	Mucins
rxnAGORA1175	mucin-type O-glycan No 75	Mucins
rxnAGORA1176	released mucin-type O-glycan No 75	Mucins
rxnAGORA1177	mucin-type O-glycan No 76	Mucins
rxnAGORA1178	released mucin-type O-glycan No 76	Mucins
rxnAGORA1179	mucin-type O-glycan No 77	Mucins
rxnAGORA1180	released mucin-type O-glycan No 77	Mucins
rxnAGORA1181	mucin-type O-glycan No 78	Mucins
rxnAGORA1182	released mucin-type O-glycan No 78	Mucins
rxnAGORA1183	mucin-type O-glycan No 79	Mucins
rxnAGORA1184	released mucin-type O-glycan No 79	Mucins
rxnAGORA1185	released mucin-type O-glycan No 7	Mucins
rxnAGORA1186	mucin-type O-glycan No 8	Mucins
rxnAGORA1187	mucin-type O-glycan No 80	Mucins
rxnAGORA1188	released mucin-type O-glycan No 80	Mucins
rxnAGORA1189	mucin-type O-glycan No 81	Mucins
rxnAGORA1190	released mucin-type O-glycan No 81	Mucins
rxnAGORA1191	mucin-type O-glycan No 82	Mucins
rxnAGORA1192	released mucin-type O-glycan No 82	Mucins
rxnAGORA1193	mucin-type O-glycan No 83	Mucins
rxnAGORA1194	released mucin-type O-glycan No 83	Mucins
rxnAGORA1195	mucin-type O-glycan No 84	Mucins
rxnAGORA1196	released mucin-type O-glycan No 84	Mucins
rxnAGORA1197	mucin-type O-glycan No 85	Mucins
rxnAGORA1198	released mucin-type O-glycan No 85	Mucins
rxnAGORA1199	mucin-type O-glycan No 86	Mucins
rxnAGORA1200	released mucin-type O-glycan No 86	Mucins
rxnAGORA1201	mucin-type O-glycan No 87	Mucins
rxnAGORA1202	released mucin-type O-glycan No 87	Mucins
rxnAGORA1203	mucin-type O-glycan No 88	Mucins
rxnAGORA1204	released mucin-type O-glycan No 88	Mucins
rxnAGORA1205	mucin-type O-glycan No 89	Mucins
rxnAGORA1206	released mucin-type O-glycan No 89	Mucins
rxnAGORA1207	released mucin-type O-glycan No 8	Mucins
rxnAGORA1208	mucin-type O-glycan No 9	Mucins
rxnAGORA1209	mucin-type O-glycan No 90	Mucins
rxnAGORA1210	released mucin-type O-glycan No 90	Mucins
rxnAGORA1211	mucin-type O-glycan No 91	Mucins
rxnAGORA1212	released mucin-type O-glycan No 91	Mucins
rxnAGORA1213	mucin-type O-glycan No 92	Mucins
rxnAGORA1214	released mucin-type O-glycan No 92	Mucins
rxnAGORA1215	mucin-type O-glycan No 93	Mucins
rxnAGORA1216	released mucin-type O-glycan No 93	Mucins
rxnAGORA1217	mucin-type O-glycan No 94	Mucins
rxnAGORA1218	released mucin-type O-glycan No 94	Mucins
rxnAGORA1219	mucin-type O-glycan No 95	Mucins
rxnAGORA1220	released mucin-type O-glycan No 95	Mucins
rxnAGORA1221	mucin-type O-glycan No 96	Mucins
rxnAGORA1222	released mucin-type O-glycan No 96	Mucins
rxnAGORA1223	mucin-type O-glycan No 97	Mucins
rxnAGORA1224	released mucin-type O-glycan No 97	Mucins
rxnAGORA1225	mucin-type O-glycan No 98	Mucins
rxnAGORA1226	released mucin-type O-glycan No 98	Mucins
rxnAGORA1227	mucin-type O-glycan No 99	Mucins
rxnAGORA1228	released mucin-type O-glycan No 99	Mucins
rxnAGORA1229	released mucin-type O-glycan No 9	Mucins
rxnAGORA1230	protein-linked serine or threonine residue (O-glycosylation site)	Aminoacid
rxnAGORA1231	T antigen (core 1)	Antigen
rxnAGORA1232	Tn antigen	Antigen
rxnAGORA1233	acetate	Short chain fatty acid
rxnAGORA1234	acetaldehyde	Aldehyde
rxnAGORA1235	N-acetyl-D-galactosamine	Amino sugar
rxnAGORA1236	N-acetyl-D-glucosamine	Amino sugar
rxnAGORA1237	N-acetylneuraminate	Amino sugar
rxnAGORA1238	Alpha-2,6-N-acetylneuraminate-N-acetylgalactosamine	Amino sugar
rxnAGORA1239	Adenosylcobalamin	Vitamin
rxnAGORA1240	Beta-1,3-N,N-diacetylgalactosamine	Amino sugar
rxnAGORA1241	Beta-1,6-N,N-diacetylgalactosamine	Amino sugar
rxnAGORA1242	Beta-1,3-N-acetylglucosamine-N-acetylgalactosamine	Amino sugar
rxnAGORA1243	Beta-1,6-N-acetylglucosamine-N-acetylgalactosamine	Amino sugar
rxnAGORA1244	L-alanine	Aminoacid
rxnAGORA1245	L-alanyl-L-aspartate	Aminoacid
rxnAGORA1246	L-alanyl-L-glutamine	Aminoacid
rxnAGORA1247	L-alanyl-L-glutamate	Aminoacid
rxnAGORA1248	L-alanylglycine	Aminoacid
rxnAGORA1249	L-alanyl-L-histidine	Aminoacid
rxnAGORA1250	L-alanyl-L-leucine	Aminoacid
rxnAGORA1251	L-alanyl-L-threonine	Aminoacid
rxnAGORA1252	L-arabinose	Sugar
rxnAGORA1253	L-argininium(1+)	Aminoacid
rxnAGORA1254	Arsenobetaine	Others
rxnAGORA1255	L-asparagine	Aminoacid
rxnAGORA1256	arsenite	Mineral
rxnAGORA1257	arsenate	Mineral
rxnAGORA1258	L-aspartate(1-)	Aminoacid
rxnAGORA1259	Produced biomass	Others
rxnAGORA1260	Biotin	Vitamin
rxnAGORA1261	calcium(2+)	Mineral
rxnAGORA1262	Cob(I)alamin	Vitamin
rxnAGORA1263	Cob(II)alamin	Vitamin
rxnAGORA1264	Cadmium	Mineral
rxnAGORA1265	L-cysteinylglycine	Aminoacid
rxnAGORA1266	Citrate	Organic acid
rxnAGORA1267	Chloride	Mineral
rxnAGORA1268	carbon dioxide	Others
rxnAGORA1269	Co2+	Mineral
rxnAGORA1270	Core 2	Others
rxnAGORA1271	released Core 2	Others
rxnAGORA1272	Core 3	Others
rxnAGORA1273	Core 4	Others
rxnAGORA1274	released Core 4	Others
rxnAGORA1275	Core 5	Others
rxnAGORA1276	Core 6	Others
rxnAGORA1277	Core 7	Others
rxnAGORA1278	Core 8	Others
rxnAGORA1279	Cu2+	Mineral
rxnAGORA1280	L-cysteine	Aminoacid
rxnAGORA1281	Dextrin	Sugar
rxnAGORA1282	2-deoxy-D-ribose	Sugar
rxnAGORA1283	disialyl-T antigen	Antigen
rxnAGORA1284	released disialyl-T antigen	Antigen
rxnAGORA1285	ethanol	Alcohol
rxnAGORA1286	F1alpha	Others
rxnAGORA1287	released F1alpha antigen	Antigen
rxnAGORA1288	Fe2+	Mineral
rxnAGORA1289	Fe3+	Mineral
rxnAGORA1290	Folate	Vitamin
rxnAGORA1291	Formate	Organic acid
rxnAGORA1292	L-fucose	Sugar
rxnAGORA1293	D-Galactose	Sugar
rxnAGORA1294	Alpha-1,3-Galactose-N-acetylgalactosamine	Amino sugar
rxnAGORA1295	Beta-1,3-Galactose-N-acetylgalactosamine	Amino sugar
rxnAGORA1296	D-glucose	Sugar
rxnAGORA1297	L-glutamine	Aminoacid
rxnAGORA1298	L-glutamate(1-)	Aminoacid
rxnAGORA1299	Glycine	Aminoacid
rxnAGORA1300	Glycyl-L-asparagine	Aminoacid
rxnAGORA1301	Glycyl-L-aspartate	Aminoacid
rxnAGORA1302	glycine betaine	Aminoacid
rxnAGORA1303	Glycerol 3-phosphate	Alcohol
rxnAGORA1304	Gly-Cys	Aminoacid
rxnAGORA1305	Glycyl-L-glutamine	Aminoacid
rxnAGORA1306	Glycyl-L-glutamate	Aminoacid
rxnAGORA1307	Glycylleucine	Aminoacid
rxnAGORA1308	Glycyl-L-methionine	Aminoacid
rxnAGORA1309	Glycylphenylalanine	Aminoacid
rxnAGORA1310	Glycylproline	Aminoacid
rxnAGORA1311	Glycyl-L-tyrosine	Aminoacid
rxnAGORA1312	GlcNAc-alpha-1,4-Core 1	Others
rxnAGORA1313	released GlcNAc-alpha-1,4-Core 1	Others
rxnAGORA1314	GlcNAc-alpha-1,4-Core 2	Others
rxnAGORA1315	released GlcNAc-alpha-1,4-Core 2	Others
rxnAGORA1316	proton	Others
rxnAGORA1317	Water	Others
rxnAGORA1318	Hg2+	Mineral
rxnAGORA1319	L-histidine	Aminoacid
rxnAGORA1320	Hypoxanthine	Purine
rxnAGORA1321	L-isoleucine	Aminoacid
rxnAGORA1322	potassium	Mineral
rxnAGORA1323	(R)-lactate	Organic acid
rxnAGORA1324	(S)-lactate	Organic acid
rxnAGORA1325	Lactose	Sugar
rxnAGORA1326	L-leucine	Aminoacid
rxnAGORA1327	L-lysinium(1+)	Aminoacid
rxnAGORA1328	Maltose	Sugar
rxnAGORA1329	Maltohexaose	Sugar
rxnAGORA1330	maltotriose	Sugar
rxnAGORA1331	mannotriose (beta-1,4)	Sugar
rxnAGORA1332	D-Methionine	Aminoacid
rxnAGORA1333	L-methionine	Aminoacid
rxnAGORA1334	L-methionyl-L-alanine	Aminoacid
rxnAGORA1335	L-methionine-R-sulfoxide	Aminoacid
rxnAGORA1336	L-Methionine Sulfoxide	Aminoacid
rxnAGORA1337	magnesium	Mineral
rxnAGORA1338	Mn2+	Mineral
rxnAGORA1339	Menaquinone 7	Vitamin
rxnAGORA1340	Sodium	Mineral
rxnAGORA1341	Nicotinate	Vitamin
rxnAGORA1342	Ammonium	Others
rxnAGORA1343	O2	Others
rxnAGORA1344	octadecanoate (n-C18:0)	Fatty acid
rxnAGORA1345	Ornithine	Aminoacid
rxnAGORA1346	Lead	Mineral
rxnAGORA1347	L-phenylalanine	Aminoacid
rxnAGORA1348	Protoheme	Protoporphyrin
rxnAGORA1349	hydrogenphosphate	Others
rxnAGORA1350	(R)-Pantothenate	Vitamin
rxnAGORA1351	L-proline	Aminoacid
rxnAGORA1352	pullulan (n=1200 repeat units, alpha-1,4 and alph-1,6 bounds)	Sugar
rxnAGORA1353	Pyridoxal	Vitamin
rxnAGORA1354	D-ribose	Sugar
rxnAGORA1355	Riboflavin	Vitamin
rxnAGORA1356	sialyl-T antigen	Antigen
rxnAGORA1357	released sialyl-Tn antigen	Antigen
rxnAGORA1358	sialyl-Tn antigen	Antigen
rxnAGORA1359	L-serine	Aminoacid
rxnAGORA1360	Siroheme	Protoporphyrin
rxnAGORA1361	sulfate	Others
rxnAGORA1362	Spermidine	Polyamine
rxnAGORA1363	Stachyose	Sugar
rxnAGORA1364	Succinate	Organic acid
rxnAGORA1365	Sucrose	Sugar
rxnAGORA1366	Taurine	Aminoacid
rxnAGORA1367	Thiamin	Vitamin
rxnAGORA1368	L-threonine	Aminoacid
rxnAGORA1369	Thymidine	Nucleotide
rxnAGORA1370	trimethylamine	Amine
rxnAGORA1371	Trehalose	Sugar
rxnAGORA1372	L-tryptophan	Aminoacid
rxnAGORA1373	L-tyrosine	Aminoacid
rxnAGORA1374	L-valine	Aminoacid
rxnAGORA1375	aldehydo-D-xylose	Sugar
rxnAGORA1376	Zinc	Mineral
rxnAGORA2413	DNA replication	Others
rxnAGORA2414	Protein biosynthesis	Others
rxnAGORA2426	RNA transcription	Others
rxnAGORA2427	Peptidoglycan polymer (n-1 subunits)	Others
rxnAGORA2647	5-deoxyribose	Sugar
rxnAGORA2648	5-Methylthio-D-ribose	Sugar
rxnAGORA2649	Biotin	Vitamin
rxnAGORA2650	L-homocysteine	Aminoacid
rxnAGORA2714	2-Dehydro-3-deoxy-D-gluconate	Others
rxnAGORA2715	2-Hydroxyphenylacetate	Benzoic acid
rxnAGORA2716	(3,4-dihydroxyphenyl)acetate	Benzoic acid
rxnAGORA2717	L-dopa	Aminoacid
rxnAGORA2718	3-hydroxycinnamic acid	Hydroxycinnamic acid
rxnAGORA2719	3-(3-hydroxy-phenyl)propionate	Benzoic acid
rxnAGORA2720	3-methyl-2-oxopentanoate	Others
rxnAGORA2721	4-Aminobenzoate	Others
rxnAGORA2722	(4-hydroxyphenyl)acetaldehyde	Benzoic acid
rxnAGORA2723	5-hydroxy-L-tryptophan	Aminoacid
rxnAGORA2724	5-Methylthioadenosine	Nucleotide
rxnAGORA2725	L-cysteate(1-)	Aminoacid
rxnAGORA2726	L-kynurenine	Aminoacid
rxnAGORA2727	acetoacetate	Organic acid
rxnAGORA2728	2-Oxoglutarate	Organic acid
rxnAGORA2729	Allantoin	Organic acid
rxnAGORA2730	D-Arabinose	Sugar
rxnAGORA2731	Arbutin	Others
rxnAGORA2732	(R)-3-hydroxybutyrate	Organic acid
rxnAGORA2733	butyrate	Short chain fatty acid
rxnAGORA2734	butanesulfonate	Others
rxnAGORA2735	Choline	Others
rxnAGORA2736	cytosine	Nucleotide
rxnAGORA2737	2,3-dihydroxicinnamic acid	Hydroxycinnamic acid
rxnAGORA2738	3-(2,3-Dihydroxyphenyl)propanoate	Benzoic acid
rxnAGORA2739	dopaminium(1+)	Aminoacid
rxnAGORA2740	ethanesulfonate	Others
rxnAGORA2741	D-Fructose	Sugar
rxnAGORA2742	Fumarate	Organic acid
rxnAGORA2743	D-Galactonate	Organic acid
rxnAGORA2744	galactitol	Polyol
rxnAGORA2745	D-Glucosamine	Amino sugar
rxnAGORA2746	glycolaldehyde	Others
rxnAGORA2747	D-gluconate	Organic acid
rxnAGORA2748	Glycerol	Others
rxnAGORA2749	Reduced glutathione	Aminoacid
rxnAGORA2750	Guanine	Nucleotide
rxnAGORA2751	Hydrogen sulfide	Others
rxnAGORA2752	Hexadecanoate (n-C16:0)	Fatty acid
rxnAGORA2753	hexanesulfonate	Others
rxnAGORA2754	histamium	Amine
rxnAGORA2755	indole-3-acetate	Indole
rxnAGORA2756	Isethionic acid	Organic acid
rxnAGORA2757	(S)-malate(2-)	Organic acid
rxnAGORA2758	D-Mannose	Sugar
rxnAGORA2759	D-Mannitol	Polyol
rxnAGORA2760	3-(n-Morpholino)Propanesulfonic Acid	Others
rxnAGORA2761	methanesulfonate	Others
rxnAGORA2762	Nitrogen	Others
rxnAGORA2763	Nitrous oxide	Others
rxnAGORA2764	Nitrite	Others
rxnAGORA2765	Nitrate	Others
rxnAGORA2766	phenylacetate	Benzoic acid
rxnAGORA2767	propionate	Short chain fatty acid
rxnAGORA2768	Diphosphate	Others
rxnAGORA2769	Putrescine	Polyamine
rxnAGORA2770	Pyridoxamine	Vitamin
rxnAGORA2771	Pyridoxine	Vitamin
rxnAGORA2772	Salicin	Organic acid
rxnAGORA2773	D-glucitol	Polyol
rxnAGORA2774	serotonin(1+)	Aminoacid
rxnAGORA2775	sulfoacetate	Others
rxnAGORA2776	tryptaminium	Polyamine
rxnAGORA2777	thiosulfate(2-)	Others
rxnAGORA2778	tetradecanoate (n-C14:0)	Fatty acid
rxnAGORA2779	tyraminium	Polyamine
rxnAGORA2780	uracil	Nucleotide
rxnAGORA3231	Trimethylamine N-oxide	Amine
rxnAGORA3232	Xanthine	Purine
rxnAGORA3333	1,5-Diaminopentane	Others
rxnAGORA3334	meso-2,6-Diaminoheptanedioate	Others
rxnAGORA3335	2-Demethylmenaquinone 8	Vitamin
rxnAGORA3336	2-Oxobutanoate	Organic acid
rxnAGORA3337	Adenine	Nucleotide
rxnAGORA3338	chromate	Mineral
rxnAGORA3339	Cytidine	Nucleoside
rxnAGORA3340	2-deoxyadenosine	Nucleoside
rxnAGORA3341	Deoxycytidine	Nucleoside
rxnAGORA3342	Deoxyguanosine	Nucleoside
rxnAGORA3343	Glutarate	Others
rxnAGORA3344	Hydrogen	Others
rxnAGORA3345	Inosine	Others
rxnAGORA3346	Menaquinone 8	Vitamin
rxnAGORA3347	Ubiquinone-8	Vitamin
rxnAGORA3348	Uridine	Nucleoside
rxnAGORA3397	4-Hydroxy-benzyl alcohol	Others
rxnAGORA3398	glycolaldehyde	Others
rxnAGORA3399	KDO(2)-lipid IV(A) with laurate	Fatty acid
rxnAGORA3400	Citrate-Mg	Mineral
rxnAGORA3401	crotonobetaine	Others
rxnAGORA3402	laurate	Fatty acid
rxnAGORA3403	gamma-butyrobetaine	Others
rxnAGORA3404	NMN	Others
rxnAGORA3427	Adenosylcobalamin	Vitamin
rxnAGORA3430	Dephospho-CoA	Others
rxnAGORA3431	dTMP	Others
rxnAGORA3432	Urea	Others
rxnAGORA3468	1,2-Diacyl-sn-glycerol (dioctadecanoyl, n-C18:0)	Fatty acid
rxnAGORA3469	4-hydroxyphenylacetate	Benzoic acid
rxnAGORA3470	Malonate	Organic acid
rxnAGORA3471	Adenosine	Nucleoside
rxnAGORA3472	D-alanine	Aminoacid
rxnAGORA3473	chorismate	Others
rxnAGORA3474	Cyanate	Others
rxnAGORA3475	etha[c]	Others
rxnAGORA3476	Ferrichrome	Others
rxnAGORA3477	D-Galactarate	Organic acid
rxnAGORA3478	D-glucarate(2-)	Organic acid
rxnAGORA3479	glycolate	Others
rxnAGORA3480	Nicotinamide	Vitamin
rxnAGORA3481	octadecenoate (n-C18:1)	Others
rxnAGORA3482	keto-phenylpyruvate	Others
rxnAGORA3483	D-serine	Aminoacid
rxnAGORA3540	5-Deoxyadenosine	Nucleoside
rxnAGORA3566	S-Adenosyl-4-methylthio-2-oxobutanoate	Others
rxnAGORA3567	cardiolipin (tetratetradecanoyl, n-C14:0)	Fatty acid
rxnAGORA3568	cardiolipin (tetrahexadecanoyl, n-C16:0)	Fatty acid
rxnAGORA3569	cardiolipin (13-methyl-tetradecanoyl, iso-C15)	Fatty acid
rxnAGORA3570	cardiolipin (14-methyl-pentadecanoyl, iso-C16)	Fatty acid
rxnAGORA3572	oxalate(2-)	Organic acid
rxnAGORA3586	Sulfur	Mineral
rxnAGORA3600	7-Dehydrochenodeoxycholate	Bile salt
rxnAGORA3601	3alpha,12alpha-Dihydroxy-7-oxo-5beta-cholanate	Bile salt
rxnAGORA3602	chenodeoxycholate	Bile salt
rxnAGORA3603	Cholate	Bile salt
rxnAGORA3623	4-hydroxybenzoate	Benzoic acid
rxnAGORA3624	Phenylpropanoate	Benzoic acid
rxnAGORA3687	myo-inositol	Polyol
rxnAGORA3703	(S)-propane-1,2-diol	Others
rxnAGORA3704	Tyr-194 of apo-glycogenin protein (primer for glycogen synthesis)	Others
rxnAGORA3705	glycogen, structure 2 (glycogenin-1,6-{7[1,4-Glc], 4[1,4-Glc]})	Sugar
rxnAGORA3706	glycogen, structure 4 (glycogenin-1,6-{2[1,4-Glc], [1,4-Glc]})	Sugar
rxnAGORA3707	glycogen, structure 5 (glycogenin-2[1,4-Glc])	Sugar
rxnAGORA3708	Oxidized glutathione	Aminoacid
rxnAGORA3709	L-Rhamnose	Sugar
rxnAGORA3710	starch, structure 1 (1,6-{7[1,4-Glc], 4[1,4-Glc]})	Sugar
rxnAGORA3711	starch, structure 2 (1,6-{2[1,4-Glc], [1,4-Glc]})	Sugar
rxnAGORA3726	N,N-diacetylchitobiose	Sugar
rxnAGORA3739	Hydroquinone	Others
rxnAGORA3741	Raffinose	Sugar
rxnAGORA3748	Nitric oxide	Others
rxnAGORA3759	Arabinotriose	Sugar
rxnAGORA3760	nickel	Mineral
rxnAGORA3779	Choline sulfate	Others
rxnAGORA3780	L-Carnitine	Aminoacid
rxnAGORA3781	Diacetyl	Others
rxnAGORA3798	2-(Hydroxymethyl)phenol	Others
rxnAGORA3800	cellobiose	Sugar
rxnAGORA3801	Deoxyinosine	Others
rxnAGORA3802	Deoxyuridine	Others
rxnAGORA3803	Indole	Indole
rxnAGORA3818	(R)-Acetoin	Others
rxnAGORA3819	L-Fucose 1-phosphate	Sugar
rxnAGORA3820	D-Glucose 6-phosphate	Sugar
rxnAGORA3821	D-Mannose 6-phosphate	Sugar
rxnAGORA3829	Melibiose	Sugar
rxnAGORA3844	3-Hydroxyphenylacetate	Benzoic acid
rxnAGORA3845	AMP	Others
rxnAGORA3869	glycochenodeoxycholate	Bile salt
rxnAGORA3870	glycocholate	Bile salt
rxnAGORA3871	L-Lyxose	Sugar
rxnAGORA3872	pyruvate	Others
rxnAGORA3873	taurocholate	Bile salt
rxnAGORA3874	taurochenodeoxycholate	Bile salt
rxnAGORA3911	Sodium	Mineral
rxnAGORA3912	(S)-lactaldehyde	Others
rxnAGORA3922	Reduced glutathione	Aminoacid
rxnAGORA3923	Siroheme	Protoporphyrin
rxnAGORA3941	D-Galacturonate	Organic acid
rxnAGORA3942	D-glucuronate	Organic acid
rxnAGORA3943	Guanosine	Nucleoside
rxnAGORA3962	Isobutyrate, 2-Methylpropanoate	Short chain fatty acid
rxnAGORA3963	Isocaproate	Fatty acid
rxnAGORA3964	Isovalerate, 3-Methylbutanoate	Short chain fatty acid
rxnAGORA3965	lanosterol	Others
rxnAGORA3976	Phenol	Benzoic alcohol
rxnAGORA3987	Chicory inulin, 30 monosaccharide units (29 fru, 1 glc) on average	Sugar
rxnAGORA3988	Isoprene	Others
rxnAGORA4021	cardiolipin (12-methyl-tetradecanoyl, anteiso-C15)	Fatty acid
rxnAGORA4022	3-Dehydrochenodeoxycholate	Bile salt
rxnAGORA4023	3-Dehydrocholate	Bile salt
rxnAGORA4031	Kestose (2 fru, 1 glc inulin-type fructo-oligosaccharide)	Sugar
rxnAGORA4032	Kestopentaose (4 fru, 1 glc inulin-type fructo-oligosaccharide)	Sugar
rxnAGORA4033	Kestotetraose (3 fru, 1 glc inulin-type fructo-oligosaccharide)	Sugar
rxnAGORA4046	5,6-Dimethylbenzimidazole	Others
rxnAGORA4049	12-Dehydrocholate	Bile salt
rxnAGORA4051	L-homoserine	Aminoacid
rxnAGORA4065	Molybdate	Mineral
rxnAGORA4095	Isocitrate	Organic acid
rxnAGORA4109	Pimelate	Others
rxnAGORA4110	L-Sorbitol (iMM904)	Polyol
rxnAGORA4119	cardiolipin (12-methyl-tridecanoyl, iso-C14)	Fatty acid
rxnAGORA4120	R_R__2_3_Butanediol	Others
rxnAGORA4125	teichuronic acid (GlcA + GalNac, 45 repeating unit)	Amino sugar
rxnAGORA4136	methanol	Alcohol
rxnAGORA4137	pectins	Sugar
rxnAGORA4170	Protoheme	Protoporphyrin
rxnAGORA4171	Dimer GalNAc-GlcA	Amino sugar
rxnAGORA4172	Dimer GalNAc-IdoA	Amino sugar
rxnAGORA4173	Dimer GalNAc-IdoA2S	Amino sugar
rxnAGORA4174	Larch arabinogalactan, gal/ara 6:1, small amount of glcur, MW ~ 116000	Sugar
rxnAGORA4175	chondroitin sulfate A (GalNAc4S-GlcA) proteoglycan	Sugar
rxnAGORA4176	Dimer GalNAc4S-GlcA	Amino sugar
rxnAGORA4177	Not degradable product CSABCPASE_A/B, Gal4S-Gal-Xyl-L-Ser-protein	Others
rxnAGORA4178	chondroitin sulfate B / dermatan sulfate (IdoA2S-GalNAc4S) proteoglycan	Others
rxnAGORA4179	Dimer GalNAc4S-IdoA2S	Others
rxnAGORA4180	chondroitin sulfate C (GalNAc6S-GlcA) proteoglycan	Others
rxnAGORA4181	Dimer GalNAc6S-GlcA	Others
rxnAGORA4182	Not degradable product CSABCPASE_C, Gal6S-Gal-Xyl-L-Ser-protein	Others
rxnAGORA4183	hyaluronan	Others
rxnAGORA4184	hyaluronan degradation product 1	Others
rxnAGORA4185	hyaluronan biosynthesis, precursor 1	Others
rxnAGORA4186	Homogalacturonan, 100 galacturonate residues. Assumed to be methylated/ acetylated in every 5th residue. Citrus HG consists of 7... <Preview truncated at 128 characters>	Others
rxnAGORA4187	L-iduronate	Others
rxnAGORA4188	Pectic galactan (potato), gal: arab-L: rmn: galur = 78: 9: 4: 9 (www.megazyme.com). Assumed to consist of 100 sugars per macromo... <Preview truncated at 128 characters>	Sugar
rxnAGORA4189	Potato rhamnogalacturonan I, MW assumed ~200000, 62 galur, 20 rmn, 12 gal, 3 arab-L, 1 xyl-D (www.megazyme.com, PMID: 16661590)	Sugar
rxnAGORA4215	Amylopectin, 900 repeat units	Sugar
rxnAGORA4216	amylose (n=300 repeat units, alpha-1,4-glc)	Sugar
rxnAGORA4217	Arabinan, polymer of 1,5-a-L-linked arabinofuranose units substituted by 1,3 or 1,2 linked branches, MW ~ 15000 Da (REF: www.meg... <Preview truncated at 128 characters>	Sugar
rxnAGORA4218	Arabinoxylan, 30 xyl_D, 18 arab_L, 3 gal, 3 glc_D	Sugar
rxnAGORA4219	beta-glucans	Sugar
rxnAGORA4220	Dextran 40, 1,6-alpha-D-Glucan	Sugar
rxnAGORA4221	Carob galactomannan, Gal:Man ratio 22/78. 220 gal, 780 man assumed	Sugar
rxnAGORA4222	Glucosamine 2,6-sulfate	Amino sugar
rxnAGORA4223	Konjac glucomannan, MW 77,500 (PMID:17962981), Man:Glc ~ 2:1. -> 286 man, 143 glc_D	Sugar
rxnAGORA4224	heparan sulfate proteoglycan	Others
rxnAGORA4225	Product 1 HEPARL1_e, IdoA-GlcN2,6diS-GlcA-GlcN2,3,6triS	Others
rxnAGORA4226	Product AS3TASE_HS2, GlcN2S-IdoA-GlcNAc-GlcA-Gal-Gal-Xyl-L-Ser (protein)	Others
rxnAGORA4227	Product GAM2STASE_HS3, GlcN-IdoA-GlcNAc-GlcA-Gal-Gal-Xyl-L-Ser (protein)	Others
rxnAGORA4228	Product GLCNACASE_HS2, GlcA-GlcNAc-IdoA-Gal-Gal-Xyl-L-Ser (protein)	Others
rxnAGORA4229	Product GLCAASE_HS, GlcNAc-IdoA-Gal-Gal-Xyl-L-Ser (protein)	Others
rxnAGORA4230	Product GLCNACASE_HS3, IdoA-Gal-Gal-Xyl-L-Ser (protein)	Others
rxnAGORA4231	Product IDOURASE_HS3, Gal-Gal-Xyl-L-Ser (protein)	Others
rxnAGORA4232	Product 2 HEPARL1_e, IdoA2S-GlcN2,6diS-IdoA2S-GlcNAc3S-GlcA-Gal-Gal-Xyl-L-Ser (protein)	Others
rxnAGORA4233	Product IDOURASE_HS1, GlcN2,6diS-GlcA-GlcN2,3,6triS	Others
rxnAGORA4234	Product AS6TASE_HS1, GlcN2S-GlcA-GlcN2,3diS	Others
rxnAGORA4235	Product AS3TASE_HS1, GlcN2S-GlcA-GlcN2S	Others
rxnAGORA4236	Product GAM2STASE_HS2, GlcN-GlcA-GlcN	Others
rxnAGORA4237	Product IS2TASE_HS1, IdoA-GlcN2,6diS-IdoA-GlcNAc3S-GlcA-Gal-Gal-Xyl-L-Ser (protein)	Others
rxnAGORA4238	Product IDOURASE_HS2, GlcN2,6diS-IdoA-GlcNAc3S-GlcA-Gal-Gal-Xyl-L-Ser (protein)	Others
rxnAGORA4239	Product AS6TASE_HS2, GlcN2S-IdoA-GlcNAc3S-GlcA-Gal-Gal-Xyl-L-Ser (protein)	Others
rxnAGORA4240	Undegradable product GALASE_HS, Xyl-L-Ser (protein)	Others
rxnAGORA4241	Levan, 1000 fructose units	Sugar
rxnAGORA4242	Levanbiose	Sugar
rxnAGORA4243	Levantriose	Sugar
rxnAGORA4244	Levantetraose	Sugar
rxnAGORA4245	Lichenin from Icelandic moss, 170 glucose residues. DOI: 10.1039/JR9570001951	Sugar
rxnAGORA4246	Laminaribiose	Sugar
rxnAGORA4247	laminarin (n=30 repeat units, beta -1,3 glc)	Sugar
rxnAGORA4248	Xyluglucan, PMID:16663672, Fry SC 1989. 600 glc_D, 360 xyl_D, 108 gal, 60 fuc_L, 6 arab_L	Sugar
rxnAGORA4283	trans-4-hydroxy-L-proline	Aminoacid
rxnAGORA4284	Isochenodeoxycholate	Bile salt
rxnAGORA4285	Isocholate	Bile salt
rxnAGORA4291	Oat spelt xylan, MW 79200 (DOI: 10.1002/masy.200551405) = 528 xyl_D	Sugar
rxnAGORA4314	2-o-methylfucose (rare sugar in rhamnogalacturonan II)	Sugar
rxnAGORA4315	2-O-methylxylose (rare sugar in rhamnogalacturonan II)	Sugar
rxnAGORA4316	3-deoxy-d-lyxo-heptulosaric acid (rare sugar in rhamnogalacturonan II)	Sugar
rxnAGORA4317	Aceric acid (3-C-carboxy-5-deoxy-l-xylose) (rare sugar in rhamnogalacturonan II)	Sugar
rxnAGORA4318	D-Apiose (rare sugar in rhamnogalacturonan II)	Sugar
rxnAGORA4319	3-Deoxy-D-manno-2-octulosonate	Sugar
rxnAGORA4320	Alpha-mannan, yeast, has a MW of about 25000 (PMID: 5461381), equals ~ 140 mannose units. ID according to iMM904	Sugar
rxnAGORA4321	Wine rhamnogalacturonan II, MW ~ 5-10 kDa, 37% galur, 16% rmn, 3% fuc-L, 11% arab-L, 6% gal, 5% glcur, 4% 2omfuc, 3% 2omxyl, 6% ... <Preview truncated at 128 characters>	Sugar
rxnAGORA4480	dTTP	Others
rxnAGORA4487	N-acetyl-D-mannosamine	Amino sugar
rxnAGORA4524	5-Methyltetrahydrofolate	Vitamin
rxnAGORA4525	starch n=1200 repeat units (300 repeat units amylose, 900 repeat units amylopectin, corresponds to potatoe starch)	Sugar
rxnAGORA4526	5,6,7,8-Tetrahydrofolate	Vitamin
rxnAGORA4547	Galacto-N-biose	Amino sugar
rxnAGORA4548	Lacto-N-biose	Amino sugar
rxnAGORA4559	Propane-1,3-diol	Others
rxnAGORA4560	Menaquinone 7	Vitamin
rxnAGORA4561	Menaquinone 8	Vitamin
rxnAGORA4562	Ubiquinone-8	Vitamin
rxnAGORA4654	xanthosine	Others
rxnAGORA4664	Dimethyl sulfide	Others
rxnAGORA4665	Dimethyl sulfoxide	Others
rxnAGORA4666	Sulfite	Others
rxnAGORA4676	Tetrathionate	Others
rxnAGORA4700	Coenzyme A	Others
rxnAGORA4701	GTP	Others
rxnAGORA4702	Thiamin monophosphate	Vitamin
rxnAGORA4726	Cellulose, chain length 500 glc_D assumed, DOI: 10.1002/anie.200460587	Sugar
rxnAGORA4731	S-Adenosyl-L-methionine	Aminoacid
rxnAGORA4732	CMP	Others
rxnAGORA4733	dATP	Others
rxnAGORA4734	Nicotinamide adenine dinucleotide phosphate	Vitamin
rxnAGORA4744	L-Idonate	Others
rxnAGORA4759	trans-Cinnamate	Hydroxycinnamic acid
rxnAGORA4760	selenate	Others
rxnAGORA4761	selenite	Others
rxnAGORA4769	butanol	Others
rxnAGORA4774	Methanethiol	Others
rxnAGORA4782	Indolepropionate	Indole
rxnAGORA4783	(R)-3-(4-Hydroxyphenyl)propionate	Benzoic acid
rxnAGORA4819	2-Oxobutanoate	Organic acid
rxnAGORA4836	2-methylbutyrate	Organic acid
rxnAGORA4837	4-Methylcatechol	Catechol
rxnAGORA4838	5-Aminopentanoate	Organic acid
rxnAGORA4839	Indole-3-propionate	Indole
rxnAGORA4840	p-Cresol	Phenol
rxnAGORA4891	choloyl-CoA(4-)	Others
rxnAGORA4892	chenodeoxycholoyl coenzyme a	Others
rxnAGORA4893	Ursodeoxycholoyl-CoA	Bile salt
rxnAGORA4894	lithocholate	Bile salt
rxnAGORA4895	Ursodiol	Bile salt
rxnAGORA4896	Allodeoxycholic acid	Bile salt
rxnAGORA4897	Allolithocholic acid	Bile salt
rxnAGORA4898	deoxycholic acid	Bile salt
rxnAGORA4911	L-cystine	Aminoacid
rxnAGORA4912	Reduced riboflavin	Vitamin
rxnAGORA4928	p-hydroxyphenylpropionic acid	Benzoic acid
rxnAGORA4948	Valeric Acid	Short chain fatty acid
rxnAGORA4953	Ursocholate	Bile salt
rxnAGORA5028	Ubiquinol-8	Others
rxnAGORA5120	Choline sulfate	Others
rxnAGORA5127	Polysulfide	Others
rxnAGORA5131	Thiamine diphosphate	Vitamin
rxnAGORA5155	cholesterol	Cholesterol
rxnAGORA5156	Coprostanol	Others
rxnAGORA5182	S-Adenosyl-L-homocysteine	Aminoacid
rxnAGORA5258	Methane	Others
rxnAGORA5259	formaldehyde	Others
rxnAGORA5260	Bicarbonate	Others
rxnAGORA5348	Hydrogen peroxide	Others
rxnAGORA5476	Oxaloacetate	Others
rxnAGORA5485	dTDP-L-rhamnose	Others
rxnAGORA5486	UDP-D-glucuronate	Others
rxnAGORA5538	choline phosphate(1-)	Others
